Dictionary code,Entity code,Super-type Entity code,Full name,Super Type?,Version Number String,Version number,Modification Date,Entity Grp code,Entity Prefix/Directory,Fixed length?,Dynamic / Static,Data Source,Record count/multiplier,Record length,Notes length,Filler,Program Access code,UVS available?,Core purpose,Software Activation Key,MST Related Entity,MST Definition,Maintenance screen,API List Name,API Item Name,API Entity Name,API Entity Title,Developer Help
CAMS,AA1,AA1,Activity Analysis 1,Y,10.6,100600,21/Sep/2022,OTHER,INS_,Y,S,N,     3,   121,,,CAM_AA1,N,V,MEN01,,,CAM_AA1,,,,,"The data in this table is used to classify the analysis of events and topics within the modular scheme. Typically, types of analysis might include externally defined criteria, e.g. PCFC subject areas."
CAMS,AA2,AA2,Activity Analysis 2,Y,10.6,100600,21/Sep/2022,OTHER,INS_,Y,S,N,     3,   121,,,CAM_AA2,N,V,MEN01,,,CAM_AA2,,,,,"The data in this table is used to classify the analysis of events and topics within the modular scheme. Typically, types of analysis might include externally defined criteria, e.g. PCFC subject areas."
CAMS,AA3,AA3,Activity Analysis 3,Y,10.6,100600,21/Sep/2022,OTHER,INS_,Y,S,N,     2,   121,,,CAM_AA3,N,V,MEN01,,,CAM_AA3,,,,,"The data in this table is used to classify the analysis of events and topics within the modular scheme. Typically, types of analysis might include externally defined criteria, e.g. PCFC subject areas."
CAMS,AA4,AA4,Activity Analysis 4,Y,10.6,100600,21/Sep/2022,OTHER,INS_,Y,S,N,     2,   121,,,CAM_AA4,N,V,MEN01,,,CAM_AA4,,,,,"The data in this table is used to classify the analysis of events and topics within the modular scheme. Typically, types of analysis might include externally defined criteria, e.g. PCFC subject areas."
CAMS,AA5,AA5,Activity Analysis 5,Y,10.6,100600,21/Sep/2022,OTHER,INS_,Y,S,N,     2,   121,,,CAM_AA5,N,V,MEN01,,,CAM_AA5,,,,,"The data in this table is used to classify the analysis of events and topics within the modular scheme. Typically, types of analysis might include externally defined criteria, e.g. PCFC subject areas."
CAMS,AAC,AAC,AAM Arrangement Constraint,Y,9.2.0,090200,26/Nov/2015,,CAM_,Y,,,,   803,,,CAM_AAC,N,,CAM08,MST,<<AAC_MSTC>>,CAM_AAC,AAMArrangementConstraints,AAMArrangementConstraint,,,
CAMS,AAC1,AAC,AAM Arrangemnt Constraint,N,9.3.0,090300,07/Sep/2016,,CAM_,,,,,,,,CAM_AAC,,,CAM08,,,,,,,,
CAMS,ABT,ABT,Assessment Batch,Y,9.6.0,090600,12/Mar/2018,,CAM_,Y,,,,   145,,,CAM_ABT,N,,CAM16,,,CAM_ABT,,,,,"This entity allows the assessment batches available for a MAB to be defined. This is used to track which batches are available to add students to (as part of the student batch allocation screen), and also which batches are committed."
CAMS,ACB,ACB,Award Confirmation Rule Body,Y,8.7.1,080701,06/Dec/2013,,CAM_,Y,,N,,   170,,,CAM_YSVC_A,N,S,CAM04,,,CAM_ACB,,,,,Defines the individual elements which make up an award confirmation rule (ACR).
CAMS,ACE,ACE,Award Calculation Element,Y,8.5.1,080501,31/Jan/2012,,CAM_,Y,,N,,   179,,,CAM_YSVC_A,N,S,CAM04,,,CAM_ACE,,,,,Defines the elements of an award calculation method (ACM) which determine the credit minima and maxima and the levels from which the credits must come. All individual records can have a weighting but the sum of them all must be 100.
CAMS,ACET,ACET,Award Calculation Element Translation,Y,8.1.0,080100,10/Jul/2007,,CAM_,N,,N,,    15,,,CAM_YSVC_A,N,S,CAM01,,,,,,,,
CAMS,ACI,ACI,Activity Item,Y,10.6,100600,21/Sep/2022,,CAM_,Y,,N,,   143,,,CAM_ACI,N,S,CAM02,,,CAM_ACI,,,,,
CAMS,ACM,ACM,Award Calculation Method,Y,10.6,100600,21/Sep/2022,,CAM_,Y,,N,    12,   141,,,CAM_ACM,N,S,CAM04,,,CAM_ACM,,,,,"Defines the types of rules which are to be used to calculate the highest possible non-discretionary student award. The award calculation method produces an overall mark for a student which locates them (if the awards are classified) within one of the classes of the award. Their basic eligibility for an award will already have been determined if they have passed the appropriate award rules (AWR). The achievement of a class may also be subject to confirmation rules (ACR). It is possible to use an alternative award calculation method (ACM) as an award confirmation rule. The ACM specified on a confirmation rule must not be referenced elsewhere in that particular award (AWD) as this can potentially lead to incorrect calculations as SAV, SCR or SCD may be overwritten during processing. A student's class may also be upgraded or downgraded either automatically or at discretion by applying upgrade rules (AUR). Again, it is possible to use an alternative award calculation method (ACM) as an award upgrade/downgrade rule. The ACM specified on an upgrade rule must not be referenced elsewhere in that particular award (AWD) as this can potentially lead to incorrect calculations as SAV, SCR or SCD may be overwritten during processing. Up to three alternative award calculation methods are permitted, CAMS will select the highest award and classification achieved by any of the methods. It is possible to have multiple rules per classification for AUR or ACR. System parameter CAM04_036 determines whether a student must pass all or any of the rules associated with the classification to have their award confirmed, upgraded or downgraded."
CAMS,ACM1,ACM,Award Calculation Method,N,3.7,030700,18/Jan/1996,,CAM_,,,,,,,,CAM_ACM,N,U,CAM04,,,,,,,,
CAMS,ACM2,ACM,Award Calculation Method,N,3.7,030700,18/Jan/1996,,CAM_,,,,,,,,CAM_ACM,N,U,CAM04,,,,,,,,
CAMS,ACM3,ACM,Award Calculation Method,N,4.3,040300,22/Oct/1998,,CAM_,,,,,,,,CAM_ACM,N,U,CAM04,,,,,,,,
CAMS,ACM4,ACM,Award Calculation Method,N,5.1,050100,22/Jul/1999,,CAM_,,,,,,,,CAM_ACM,N,U,CAM04,,,,,,,,
CAMS,ACMT,ACMT,Award Calc Method Trans,Y,8.1.0,080100,30/Nov/2007,,CAM_,N,,N,,    12,,,CAM_YSVC_A,N,S,,,,,,,,,
CAMS,ACMT1,ACMT,Award Calc Method Trans,N,8.1.1,080101,18/Apr/2008,,CAM_,,,,,,,,,,U,,,,,,,,,
CAMS,ACP,ACP,Activity Pattern,Y,10.6,100600,21/Sep/2022,,CAM_,Y,,N,,   127,,,CAM_ACP,N,V,CAM02,,,CAM_ACP,,,,,
CAMS,ACR,ACR,Award Confirmation Rule,Y,7.1.0,070100,01/Sep/2003,,CAM_,Y,,N,,    86,,,CAM_YSVC_A,N,S,CAM04,,,CAM_ACR,,,,,Defines the award confirmation rules which are additional conditions which must be satisfied for an award classification to be confirmed. The rule is applied during the award calculation process. Award classifications which are not confirmed are downgraded one class.  Award confirmation rules are optional.
CAMS,ACRT,ACRT,ACR Translation,Y,8.1.0,080100,13/Jul/2007,,CAM_,N,,N,,    34,,,CAM_YSVC_A,N,S,,,,,,,,,
CAMS,ACT,ACT,Activity,Y,10.6,100600,21/Sep/2022,,CAM_,Y,,D,     7,   185,,,CAM_ACT,N,V,MEN01,,,CAM_ACT,,,,,Defines the type of activity for topic elements. The entries in this table are used when creating event and topic element table records. It is a background record used in assigning rooms whilst taking into account the various ranks given to particular collections of activities. The MAR record is used to set up a link between similar room activities and provide a rank for them in order of preference when assigning the activity to a room format.
CAMS,ACT1,ACT,Activity Table,N,3.8,030800,15/Nov/1996,,CAM_,,,,,,,,CAM_ACT,N,U,MEN01,,,,,,,,
CAMS,ADE,ADE,Academic Standing Profile Element,Y,9.3.0,090300,04/Jul/2016,,CAM_,Y,S,N,,    41,,,CAM_ADE,N,S,CAM46,NOTMST,,CAM_ADE,,,,,"The Academic Standing Profile Element (ADE) entity is used to specify what Academic Standing Match Method (AMM) to use during an Academic Standing calculation, and when to use it."
CAMS,ADP,ADP,Academic Standing Profile,Y,10.6,100600,21/Sep/2022,,CAM_,Y,S,N,,   133,,,CAM_ADP,N,S,CAM46,NOTMST,,CAM_ADP,,,,,"The Academic Standing Profile is used to associate a set of Academic Standing calculation rules with a student, programme or module."
CAMS,ADR,ADR,Assessment Division Requirements,Y,4.1,040100,06/Oct/1997,,CAM_,Y,,N,,    36,,,CAM_ADR,N,S,CAM08,,,CAM_ADR,,,,,"Assessment paper division requirement records identify that a particular division of an assessment paper, requires specific materials equipment such as paper and pencils, books, texts etc. The requirements can be added after the exam scheduling has taken place, specific records are not created for each student and assessment item which has requirements. Although you may not be using the concept of divisions and papers for the main assessment process, if you wish to manage resources you will require at least one assessment paper and division to attach to the module assessment pattern. It may be, therefore, that you only use it for specialist items of equipment which students are required to return at the end of the exam. The table requires the user to specify the number of items required per student sitting the division. The items themselves are validated by entries in the Assessment Requirements (ARQ) table."
CAMS,ADS,ADS,Ass Paper Division Section,Y,4.2,040200,05/Jan/1998,,CAM_,Y,,N,,    38,,,CAM_ADS,N,S,CAM08,,,CAM_ADS,,,,,"Top level screen to view sections of assessment paper divisions. These records allow the user to subdivide an assessment paper division into sections defining a maximum and minimum number of questions to be answered. This record is intended for use within the CAMS Exam Questions facility. This allows the user to define individual questions for each student based on their MAP>MAB>>ATP>ADV, produce a spreadsheet to capture the marks for each question; monitor the marking of the questions; import those marks and then update the individual assessment records which use the questions."
CAMS,ADV,ADV,Assessment Paper Division,Y,8.2.0,080200,11/Aug/2008,5,CAM_,Y,,N,    36,  2071,    50,,CAM_ADV,N,S,CAM08,,,CAM_ADV,,,,,"Assessment Paper Division Maintenance Form (CAM_APS) - This table defines the divisions within an assessment paper. For example section A of Maths exam paper. This feature allows you to subdivide an assessment paper still further. The word division has been used as a generic term rather than using a word such as question which may be too restrictive. The division allows an assessment paper to be divided up into specific ""parts"". These divisions may be independently examined by a different examiner, for whom specific fees are paid. The user can also specify the equipment required for a division. If different combinations of ""parts"" can be sat then these need to be their own division. In the example, there is an assessment paper for English level II critical studies which potentially has three divisions which may be taken by different groups of students. Code Full Name APA ENGPA ENGLISH LEVEL II CRITICAL STUDIES ADV ENGPA1 CRITICAL APPRECIATION 18th LITERATURE ENGPA2 CRITICAL APPRECIATION 17th LITERATURE ENGPA12 CRITICAL APPRECIATION 17/18th LITERATURE The user has three module assessment patterns: MAP Code MAP Name ATP code ADV code EN203 LITERARY THEORY ENGPA ENGPA1 EN204 MILTON AND THE METAPHYSICALS ENGPA ENGPA2 EN205 ISSUES & VALUES IN CHILDRENS LITER ENGPA ENGPA12 Divisions can be assigned to specific module assessment patterns which require a common question or set of questions. Divisions can then be further divided into sections (""questions"") used by the Exam Question tracking facility of CAMS. The maximum number of questions making up a division must be defined."
CAMS,AGP,AGP,Approval Group Personnel,Y,10.3,100300,28/May/2021,,CAM_,Y,D,N,,    24,,,CAM_AGP,N,,CAM43,PRS,<<AGP_PRSC>>,CAM_AGP,,,,,The Approval Group Personnel record lets you associate personnel with programme approval groups.
CAMS,AGS,AGS,Approval Group Student,Y,10.3,100300,03/Jun/2021,,CAM_,Y,D,N,,    27,,,CAM_AGS,N,P,CAM43,SPR,<<AGS_SPRC>>,CAM_AGS,ApprovalGroupStudents,ApprovalGroupStudent,,,The Approval Group Student record lets you associate students with programme approval groups.
CAMS,AHL,AHL,Abscence Hours Log,Y,,,15/Apr/2011,,CAM_,Y,D,G,,    63,,,CAM_AHL,N,S,CAM14,SPR,<<AHL_SPRC>>,CAM_AHL,,,,,AHL records can be created whenever a SMO record is updated. A batch process will then take all the AHL records and process the absence hours for the relevant students. The batch process is run from option XAHL.
CAMS,AJC,AJC,Adjustment Rule Condition,Y,8.3.0,080300,12/Jun/2009,,CAM_,Y,,N,,    82,,,CAM_AJC,N,S,CAM04,,,CAM_AJC,,,,,The Adjustment Rule Condition (AJC) entity is used to create conditions that should be checked to see if an adjustment should take place. Only if a students profile of results passes the condition will the adjustment take place.
CAMS,AJR,AJR,Adjustment Rule,Y,8.3.0,080300,12/Jun/2009,,CAM_,Y,,N,,   116,,,CAM_AJR,N,S,CAM04,,,CAM_AJR,,,,,The Adjustment Rule (AJR) entity provides the header information for rules used to adjust module marks to be used in the calculation process. The adjustment can be either to calculate an updated module mark or to create an entirely new "magic" module both of which can be based upon a credit profile (e.g. update the mark on all level 1 modules with the average of the best 60 credits).
CAMS,AJRT,AJRT,Adjustment Rule Trans.,Y,8.3.0,080300,12/Jun/2009,,CAM_,N,,N,,    15,,,CAM_YSVC_A,N,S,CAM01,,,,,,,,
CAMS,AJS,AJS,Adjustment Rule Selection,Y,8.5.1,080501,31/Jan/2012,,CAM_,Y,,N,,    91,,,CAM_AJS,N,S,CAM04,,,CAM_AJS,,,,,The Adjustment Rule Selection (AJS) entity is used to specify which records should be processed as part of an Adjustment Rule. It can either be set-up to generate a new module or to update the selected modules with a new mark.
CAMS,AJT,AJT,Adjustment Rule Type,Y,8.3.0,080300,13/Jul/2009,,CAM_,Y,,N,,    44,,,CAM_AJT,N,S,CAM04,,,CAM_AJT,,,,,The Adjustment Rule Type (AJT) entity is linked to the AJR and specifies the tasks that the rule should perform. It can either be set up to select and Update existing module results or Create new records which can then be used within the Awards Calculation process
CAMS,AJU,AJU,Adjustment Rule Update,Y,8.5.1,080501,31/Jan/2012,,CAM_,Y,,N,,   181,,,CAM_AJU,N,S,CAM04,,,CAM_AJU,,,,,The Adjustment Rule Update (AJU) entity is used to calculate an updated mark to be applied to all records selected by an associated Adjustment Selection (AJS) record.
CAMS,ALI,ALI,Alias,Y,10.6,100600,21/Sep/2022,,CAM_,Y,,N,,   242,,,CAM_ALI,N,C,CAM01,,,CAM_ALI,,,,,The Alias table is used to link web users with pmu records.  Enabling online users to have simple and memorable user names.
CAMS,ALI1,ALI,Alias,N,6.1.1,060101,28/Jan/2002,,CAM_,,,,,,,,CAM_ALI,N,U,CAM01,,,,,,,,
CAMS,AMC,AMC,Award Calculation Method Classification,Y,10.6,100600,21/Sep/2022,,CAM_,Y,,N,,   152,,,CAM_AMC,N,S,CAM04,NOTMST,,CAM_AMC,,,,,"Defines the different types of classification which may exist within a calculation method. When set up, these records will override any associated award classifications (AWC) when the associated calculation method (ACM) is chosen during award calculation. Note: Currently the records will only be used to determine the classification to use as part of a Award Calculation Element (ACE) and will not be applied at the Confirmation or Upgrade rules. They should also be set up in such a way that they only contain Classifications (CLA) that are defined on the associated AWC. Setting up AMC records with classifications that are not also in AWC may cause the calculation process to be unable to determine an overall classification."
CAMS,AME,AME,Acad. Stand. Method Elem.,Y,9.3.0,090300,01/Jul/2016,,CAM_,Y,S,N,,    65,,,CAM_AME,N,S,CAM46,NOTMST,,CAM_AME,,,,,"The Academic Standing Method Element is a record that can be used to group calculation rules (PCM), and decide what to do based on the outcome from that calculation rule."
CAMS,AMM,AMM,Acad. Stand. Method Match,Y,10.6,100600,21/Sep/2022,,CAM_,Y,S,N,,   128,,,CAM_AMM,N,S,CAM46,NOTMST,,CAM_AMM,,,,,The Academic Standing Method Match table allows a set of calculation rules (specified on the element AME records) to be grouped together ready to be associated with an Academic Standing Profile (ADP).
CAMS,APA,APA,Assessment Paper,Y,10.6,100600,21/Sep/2022,5,CAM_,Y,,N,  2831,  2237,    50,,CAM_APA,N,S,CAM08,PRS,,CAM_APA,,,,,"Assessment Paper Maintenance Form (CAM_APS)- The assessment paper table allows you to define common exams which cross modules. Common exams happen where students are studying a similar subject within different modules provided by different departments. Normally there is a risk that students sitting the same paper could be scheduled to sit the exam at different times, thus increasing the chances of a ""leak"" or ""compromise"". The assessment paper is an independent record which can be attached to any module assessment pattern element. If you wish to manage the resourcing of the exams e.g. paper,equipment etc. you will need at least one assessment paper (APT) record per module which then references an assessment paper division (ATP>ADV)because assessment requirements (ARQ) are attached at the division level not higher."
CAMS,APA1,APA,Assessment Paper,N,4.3,040300,02/Dec/1998,,CAM_,,,,,,,,CAM_APA,N,U,CAM08,,,,,,,,
CAMS,APA2,APA,Assessment Paper,N,6.1,060100,24/Sep/2001,,CAM_,,,,,,,,CAM_APA,N,U,CAM08,,,,,,,,
CAMS,APC,APC,AWP: Max. No. of Changes,Y,8.5.0,080500,22/Sep/2011,,CAM_,Y,S,D,,   102,,,CAM_APC,N,S,CAM21,,,CAM_APC,,,,,This screen is used within student award prediction processing (as part of progression calculation) in order to define the maximum number of modules or credits that can be updated as part of the process.
CAMS,APD,APD,Assessment Paper Details,Y,10.6,100600,05/Oct/2022,,CAM_,Y,,N,,   638,,,CAM_APD,N,,CAM08,,,CAM_APD,,,,,The Assessment Paper Details Entity (APD.CAMS) allows you to define the attributes of a serial exam.
CAMS,APD1,APD,Assessment Paper Details,N,9.3.0,090300,07/Sep/2016,,CAM_,,,,,,,,CAM_APD,,,CAM08,,,,,,,,
CAMS,APE,APE,Activity Pattern Element,Y,9.4.0,090400,15/Nov/2016,,CAM_,Y,,N,,   319,,,CAM_APE,N,C,CAM02,NOTMST,,CAM_APE,,,,,
CAMS,APET,APET,Activity Pattern Element Timetable,Y,6.1.1,060101,25/Jan/2002,,CAM_,Y,,N,,   295,,,CAM_APET,N,C,CAM02,,,CAM_APET,,,,,
CAMS,APM,APM,AWP: Maximum Mark at each attempt,Y,8.5.0,080500,02/Jun/2011,,CAM_,Y,S,N,,    23,,,CAM_APM,N,S,CAM21,,,CAM_APM,,,,,These records define the marks that will be used in order to update any incomplete module results as part of the award prediction process (via student progression calculation).
CAMS,APR,APR,Assessment Paper Req,Y,8.3.0,080300,27/Jul/2009,,CAM_,Y,,N,,    25,,,CAM_APR,N,C,CAM08,,,CAM_APR,,,,,
CAMS,APS,APS,Assessment Paper Status,Y,10.6,100600,21/Sep/2022,,CAM_,Y,,D,     4,   121,,,CAM_APS,N,V,CAM08,,,CAM_APS,,,,,This table defines the divisions within an assessment paper. For example section A of Maths exam paper. It identifies when an Assessment Paper has been withdrawn from use but it does not have any interactive qualities.  It is probably helpful not to have too many.
CAMS,APT,APT,Assessment Paper Type,Y,10.6,100600,21/Sep/2022,,CAM_,Y,,N,     5,   122,,,CAM_APT,N,V,CAM08,,,CAM_APT,,,,,"Assessment Paper Type Maintenance Form (CAM_APT) - this is where different types of assessment papers are defined e.g. open book, experiment, language translation etc."
CAMS,APU,APU,AWP: Predictor Results,Y,8.5.0,080500,02/Jun/2011,,CAM_,Y,D,G,,  2129,,,CAM_APU,N,C,CAM21,SPR,<<APU_SPRC>>,CAM_APU,AWPPredictorResults,AWPPredictorResult,,,"Award Predictor Results (APU) records are created each time the award prediction processes are run (either by e:Vision program SIW_XAWD or via student progression). These records contain the student and module result details that were used to form the basis of the award calculation, along with the details of the calculated award and classification."
CAMS,AQE,AQE,Assessment Question Element,Y,9.1.0,090100,30/Sep/2015,,CAM_,Y,,N,,   670,,,CAM_AQE,N,S,CAM29,,,CAM_AQE,,,,,
CAMS,AQE1,AQE,Assessment Question Element,N,8.3.1,080301,18/Mar/2010,,CAM_,,,,,,,,CAM_AQE,N,U,CAM29,,,,,,,,
CAMS,AQE2,AQE,Assessment Question Element,N,8.5.0,080500,22/Sep/2011,,CAM_,,,,,,,,CAM_AQE,N,,CAM29,,,,,,,,
CAMS,AQH,AQH,Assessment Question Header,Y,10.6,100600,21/Sep/2022,,CAM_,Y,,N,,   613,,,CAM_AQH,N,S,CAM29,,,CAM_AQH,,,,,
CAMS,AQH1,AQH,Assessment Question Header,N,8.3.1,080301,18/Mar/2010,,CAM_,,,,,,,,CAM_AQH,N,U,CAM29,,,,,,,,
CAMS,AQS,AQS,Assessment Question Section,Y,10.6,100600,21/Sep/2022,,CAM_,Y,,N,,   601,,,CAM_AQS,N,S,CAM29,,,CAM_AQS,,,,,
CAMS,AQS1,AQS,Assessment Question Section,N,8.4.1,080401,31/Mar/2011,,CAM_,,,,,,,,CAM_AQS,N,,CAM29,,,,,,,,
CAMS,ARC,ARC,Assessment Relationship Collection,Y,10.6,100600,21/Sep/2022,,CAM_,Y,,N,,   151,,,CAM_ARC,N,V,CAM01,,,CAM_ARC,,,,,
CAMS,ARC1,ARC,Assessment Rel Collection,N,8.3.1,080301,18/Mar/2010,,CAM_,,,,,,,,CAM_ARC,N,U,CAM01,,,,,,,,
CAMS,ARC2,ARC,Assessment Rel Collection,N,8.3.1,080301,18/Mar/2010,,CAM_,,,,,,,,CAM_ARC,N,U,CAM01,,,,,,,,
CAMS,ARL,ARL,Ass. Relationship Links,Y,9.7.0,090700,08/Jun/2018,,CAM_,Y,,,,    88,,,CAM_ARL,N,,CAM08,,,CAM_ARL,,,,,
CAMS,ARN,ARN,Award Route Name,Y,8.5.1,080501,25/Oct/2011,,CAM_,Y,,N,,   745,,,CAM_ARN,N,V,CAM01,,,CAM_ARN,,,,,
CAMS,ARQ,ARQ,Assessment Paper Requirements,Y,7.4.1,070401,28/Feb/2007,,CAM_,Y,,N,     5,   282,,,CAM_ARQ,N,V,CAM08,,,CAM_ARQ,,,,,"Assessment Paper Requirements Maintenance Form (CAM_ARQ) - this is intended for the user to record the items of equipment which are needed for a specific assessment paper e.g. answer books, Bunsen burner, set text etc. There are reports which can then be produced which are either estimates or actual numbers of that specific item required for a particular assessment. The requirement is not attached at the assessment paper level but at the division level. Even if you are not scheduling common exams if you want to manage the resources of the exam timetable then you need at least one assessment paper and one division for each Module assessment body which is of the assessment type e.g. exam to be scheduled."
CAMS,ARR,ARR,Assessment Relationship Rules,Y,9.7.0,090700,10/Jul/2018,,CAM_,Y,,N,,  2113,,,CAM_ARR,N,S,CAM01,,,CAM_ARR,,,,,
CAMS,ARR1,ARR,Assessment Rel Rules,N,8.3.1,080301,18/Mar/2010,,CAM_,,,,,,,,CAM_ARR,N,U,CAM01,,,,,,,,
CAMS,ARR2,ARR,Assessment Rel Rules,N,8.3.1,080301,18/Mar/2010,,CAM_,,,,,,,,CAM_ARR,N,U,CAM01,,,,,,,,
CAMS,ARR3,ARR,Assessment Rel Rules,N,8.3.1,080301,18/Mar/2010,,CAM_,,,,,,,,CAM_ARR,N,U,CAM01,,,,,,,,
CAMS,ART,ART,Assessment Requirement Type,Y,10.6,100600,21/Sep/2022,,CAM_,Y,,D,     0,   121,,,CAM_ART,N,V,CAM08,,,CAM_ART,,,,,"Assessment Paper Requirement Type (CAM_ART) - assessment paper requirement types allow the user to define such things as whether the item is re-usable, not re-usable. These types are reflected on the assessment paper requirements reports so that invigilators can be reminded to collect some items back."
CAMS,AST,AST,Assessment Type,Y,10.6,100600,21/Sep/2022,,CAM_,Y,,D,     4,   638,    50,,CAM_AST,N,V,CAM04,,,CAM_AST,,,,,"Defines the type of assessment. It is referenced by the Module Assessment Body table, which defines in more detail how a module is assessed. The assessment type table defines the kinds of assessments that may be described in the assessment of modules. In defining an assessment type, you must be sure to apply a single type e.g. EXAM to assessments that you wish to process through the Examination Scheduling component of CAMS. Any controls defined in the remaining fields will be used by the module assessment pattern elements of this type unless the control fields are different in the element records themselves. The fields at the bottom of the screen control the sort order. The box on the left shows the criteria which can be used, the box in the middle is the order (ascending or descending), the box on the right is where the criteria which have been selected appear. The steps to make the selection are: 1 Click on the criteria on the left 2 Click on the order box and then the order required 3 Click on the Select button If the items in the selected box need to be changed: 1 Click on the item to be removed 2 Click on Clear When using the sort order, if the first criteria identifies an individual student then no other sort criteria can be used. If you use attempt number then an additional criteria can be included in the sort i.e. SPR number or name. If number is used and candidate keys are in operation then number would use candidate key rather than SPR number. You should remember that any controls such as print blind etc. which are applied to the Module assessment body records will continue to apply on the Module result form."
CAMS,AST1,AST,Assessment Type Table,N,5.2,050200,16/Jul/2000,,CAM_,,,,,,,,CAM_AST,N,U,CAM04,,,,,,,,
CAMS,ATC,ATC,Assessment Type Collection,Y,10.6,100600,21/Sep/2022,,CAM_,Y,,D,,   123,,,CAM_ATC,N,V,CAM04,,,CAM_ATC,,,,,
CAMS,ATE,ATE,Assessment Type Collection Element,Y,5.1,050100,22/Jul/1999,,CAM_,Y,,D,,    15,,,CAM_YSVC_A,N,S,CAM04,,,,,,,,
CAMS,AUB,AUB,Award Upgrade Rule Body,Y,8.5.1,080501,31/Jan/2012,,CAM_,Y,,N,,   170,,,CAM_YSVC_A,N,S,CAM04,,,CAM_AUB,,,,,Defines the individual elements of an award upgrade rule.
CAMS,AUR,AUR,Award Upgrade Rule,Y,8.3.0,080300,19/Jun/2009,,CAM_,Y,,N,,    88,,,CAM_YSVC_A,N,S,CAM04,,,CAM_AUR,,,,,Defines the individual elements of an award upgrade rule.
CAMS,AURT,AURT,Award Upgrade Rule Trans.,Y,8.1.0,080100,13/Jul/2007,,CAM_,N,,N,,    24,,,CAM_YSVC_A,N,S,,,,,,,,,
CAMS,AVE,AVE,Award Variable Element,Y,8.7.1,080701,22/Jan/2014,,CAM_,Y,,N,,   207,,,CAM_AVE,N,S,CAM04,,,CAM_AVE,,,,,"The Award Calculation Variable Element (AVE) entity is attached to the Award Variable (AVR) and holds the definition for how that particular variable value should be calculated. Where multiple records exist for the same variable, the calculated value will be the sum of the values from each of the records."
CAMS,AVR,AVR,Award Calc. Variables,Y,8.3.0,080300,07/Jul/2009,,CAM_,Y,,N,,   130,,,CAM_AVR,N,S,CAM04,,,CAM_AVR,,,,,"The Award Calculation Variables (AVR) entity holds Variable information which allow for dynamic values to be used at certain points of an award calculation. For example, a variable could be used to calculate a dynamic weighting for an ACE record"
CAMS,AVRT,AVRT,Award Variables Trans,Y,8.3.0,080300,11/Jun/2009,,CAM_,N,,N,,    15,,,CAM_YSVC_A,N,S,CAM01,,,,,,,,
CAMS,AWB,AWB,Award Rule Body,Y,8.1.0,080100,09/Jul/2007,,CAM_,Y,,N,,    96,,,CAM_AWB,N,S,CAM04,,,CAM_AWB,,,,,Defines the individual elements of an award rule which detail the minimum and maximum credits to be obtained either at a certain level or a certain type e.g. dissertation.
CAMS,AWC,AWC,Award Classfication,Y,8.1.1,080101,19/Feb/2008,,CAM_,Y,,N,,   310,,,CAM_YSVC_A,N,S,CAM01,,,CAM_AWC,,,,,Defines the different types of classification which may exist within an award. The classifications are linked to an award via the Award (AWD) table.
CAMS,AWD,AWD,Award,Y,8.4.1,080401,13/Jan/2011,,INS_,Y,,N,    17,  3104,,,CAM_AWD,N,S,CAM01,,,CAM_AWD,,,,,Defines the types of award that can be obtained by a student.
CAMS,AWD1,AWD,Award,N,3.7,030700,18/Jan/1996,,INS_,,,,,,,,CAM_AWD,N,U,CAM01,,,CAM_AWD,,,,,
CAMS,AWD2,AWD,Award,N,3.7,030700,18/Jan/1996,,INS_,,,,,,,,CAM_AWD,N,U,CAM01,,,CAM_AWD,,,,,
CAMS,AWD3,AWD,Award Table,N,6.2.0,060200,07/Nov/2002,,INS_,,,,,,,,CAM_AWD,,U,CAM01,,,,,,,,
CAMS,AWR,AWR,Award Rule,Y,,,29/Oct/2001,,CAM_,Y,,N,,    92,,,CAM_YSVC_A,N,S,CAM04,,,CAM_AWR,,,,,The Award Rule table enables a group of rules to be defined which control a student's eligibility for an award.  The rules themselves are defined by the Award Rule Body table.
CAMS,AWRT,AWRT,Award Rule Translation,Y,8.1.0,080100,13/Jul/2007,,CAM_,N,,N,,    18,,,CAM_YSVC_A,N,S,,,,,,,,,
CAMS,AWS,AWS,Award Status,Y,10.6,100600,21/Sep/2022,,CAM_,Y,,D,     5,   123,,,CAM_AWS,N,V,CAM04,,,CAM_AWS,,,,,"Defines the codes used to describe the status of a student's award in terms of completion e.g. agreed, query. The award status is linked to the student's position in the award calculation process."
CAMS,AWS1,AWS,Award Status,N,3.7,030700,18/Jan/1996,,CAM_,,,,,,,,CAM_AWS,N,U,CAM04,,,,,,,,
CAMS,AYR,AYR,Academic Year,Y,10.6,100600,21/Sep/2022,,INS_,Y,,D,    12,   221,,,CAM_YSVC_A,N,C,MEN02,,,SRS_AYR,,,,,Defines the academic years that are available within the scheme i.e.. for which records exist and the maximum number of staff hours for a period. Period and weekly dates within the year can only be accessed via this table.
CAMS,AYR1,AYR,Year Table,N,3.7,030700,18/Jan/1996,,INS_,,,,,,,,SRS_YSVC_A,N,U,MEN02,,,,,,,,
CAMS,AYR2,AYR,Year Table,N,3.7,030700,18/Jan/1996,,INS_,,,,,,,,SRS_YSVC_A,N,U,MEN02,,,,,,,,
CAMS,AYR3,AYR,Year Table,N,3.8,030800,15/Nov/1996,,INS_,,,,,,,,SRS_YSVC_A,N,U,MEN02,,,,,,,,
CAMS,AYR4,AYR,Year,N,3.8,030800,15/Nov/1996,,INS_,,,,,,,,SRS_YSVC_A,N,U,MEN02,,,,,,,,
CAMS,AYW,AYW,Academic Year Weekly dates,Y,10.1,100100,25/Sep/2020,,CAM_,Y,,N,,    38,,,CAM_AYW,N,S,CAM01,,,CAM_AYW,,,,,Defines the start date for each week within an academic year.  These weeks can be made unavailable.  CAMS then generates automatically the Weekly Start Dates for a period within an academic year by referring to this table.  It is important to make weeks which are holidays unavailable otherwise it will have an adverse effect on reporting and processing.
CAMS,AYW1,AYW,Academic Year Weekly dates,N,4.3,040300,22/Oct/1998,,CAM_,,,,,,,,CAM_AYW,N,U,CAM01,,,,,,,,
CAMS,BAE,BAE,Building Area,Y,10.6,100600,21/Sep/2022,,CAM_,Y,,,,   609,,,CAM_BAE,N,,CAM01,,,CAM_BAE,,,,,"Defines a Building Area which is located in a Building, for example a floor or a group of rooms."
CAMS,BAT,BAT,Batch,Y,9.7.0,090700,23/Aug/2018,,CAM_,Y,D,G,    86,   114,,,CAM_BAT,N,V,CAM01,,,CAM_BAT,,,,,"This table lists all the possible batch codes which can be used or are in use. The codes can be built automatically from the Generate Batch process or defined manually. (Generate using CAM_BAT_GEN) The generate process checks through the Student Programme Route records using the values in the fields defined on the screen to build the code. At the end of generating the batch codes used, it will check for duplicate batch profiles used by different batch codes, Which can then be tidied up later to manage the use of batch codes. Student's may fall into more than one profile, particularly where the student could be in a profile with less specific field profiles."
CAMS,BAT1,BAT,copy BAT,N,3.7,030700,18/Jan/1996,,CAM_,,,,,,,,CAM_BAT,N,U,CAM01,,,,,,,,
CAMS,BDF,BDF,Building Facilities,Y,7.2.1,070201,16/Mar/2005,,CAM_,Y,,N,,   298,,,CAM_BDF,N,S,CAM12,MST,?<<BDF_MSTC>>,CAM_BDF,,,,,
CAMS,BDF1,BDF,Building Facilities,N,8.1.1,080101,18/Apr/2008,,CAM_,,,,,,,,CAM_BDF,,U,CAM12,,,,,,,,
CAMS,BDM,BDM,Building contact MST,Y,7.2.1,070201,16/Mar/2005,,CAM_,Y,,N,,    50,,,CAM_BDM,N,C,CAM12,MST,?<<BDM_MSTC>>,CAM_BDM,,,,,
CAMS,BIB,BIB,Booking Invoice Breakdown,Y,9.2.0,090200,21/Dec/2015,,CAM_,Y,,N,,   200,,,CAM_BIB,N,S,CAM12,,,CAM_BIB,,,,,
CAMS,BIH,BIH,Booking Invoice Header,Y,8.2.0,080200,11/Aug/2008,,CAM_,Y,,N,,   621,,,CAM_BIH,N,S,CAM12,,,CAM_BIH,,,,,
CAMS,BKC,BKC,Booking Communication,Y,7.4.0,070400,27/Jul/2006,,CAM_,Y,,N,,  2110,,,CAM_BKC,N,S,CAM12,ORC,?<<BKC_ORCC>>,CAM_BKC,,,,,
CAMS,BKS,BKS,Bookings,Y,7.4.0,070400,27/Jul/2006,5,CAM_,Y,,N,    59,  2142,    50,,CAM_BKS,N,S,CAM12,MST,,CAM_BKS,,,,,
CAMS,BKS1,BKS,Bookings,N,4.3,040300,22/Oct/1998,,CAM_,,,,,,,,CAM_BKS,N,U,CAM12,,,,,,,,
CAMS,BKT,BKT,Booking type,Y,10.6,100600,21/Sep/2022,,CAM_,Y,,N,     2,   128,,,CAM_BKT,N,V,CAM01,,,CAM_BKT,,,,,
CAMS,BLD,BLD,Buildings,Y,10.6,100600,21/Sep/2022,,INS_,Y,,N,    16,  1140,,,CAM_BLD,N,S,CAM01,,,CAM_BLD,,,,,Defines the buildings which are located on a specific site.  The codes used may also be required by other administrative systems it is essential therefore that there is universal agreement on the structure and definition of each code.
CAMS,BLD1,BLD,Buildings,N,8.1.1,080101,18/Apr/2008,,INS_,,,,,,,,CAM_BLD,,U,CAM01,,,,,,,,
CAMS,BND,BND,Band for Scheme,Y,4.2,040200,16/Jan/1998,,CAM_,Y,,N,    34,    10,,,CAM_BND,N,S,CAM04,,,CAM_BND,,,,,This table is used by assessment report Student Credits with Grade Bands (SCT). It is also required for the Module Grade Bands(MGB) table which is used purely for Statistical Reports on Modules.This Band table defines which grades are valid for a particular Scheme.
CAMS,BRC,BRC,Brief Calculation,Y,7.2.1,070201,10/Mar/2005,,CAM_,Y,,N,,   339,,,CAM_BRC,N,S,CAM16,,,CAM_BRC,,,,,
CAMS,BRF,BRF,Booking Request Facility,Y,8.2.0,080200,09/Sep/2008,,CAM_,Y,,N,,   884,,,CAM_BRF,N,S,CAM12,MST,?<<BRF_MSTC>>,CAM_BRF,,,,,
CAMS,BRH,BRH,Booking Request Header,Y,7.4.0,070400,27/Jul/2006,,CAM_,Y,,N,,  2621,,,CAM_BRH,N,S,CAM10,PRS,,CAM_BRH,,,,,
CAMS,BRH1,BRH,Booking Request Header,N,8.1.1,080101,18/Apr/2008,,CAM_,,,,,,,,CAM_BRH,,U,CAM10,,,,,,,,
CAMS,BRI,BRI,Brief,Y,10.6,100600,21/Sep/2022,,CAM_,Y,,N,,   449,,,CAM_BRI,N,S,CAM16,,,CAM_BRI,,,,,
CAMS,BRP,BRP,Booking Request Payment,Y,8.2.0,080200,11/Aug/2008,,CAM_,Y,,N,,  2078,,,CAM_BRP,N,S,CAM10,ORC,?<<BRP_ORCC>>,CAM_BRP,,,,,
CAMS,BRR,BRR,Booking Request Rooms,Y,9.4.0,090400,15/Nov/2016,,CAM_,Y,,N,,   651,,,CAM_BRR,N,S,CAM10,MST,?<<BRR_MSTC>>,CAM_BRR,,,,,This table is used to define the necessary requirements of the room(s). It is linked to the Booking Header Record.
CAMS,BRR1,BRR,Booking Request Rooms,N,8.1.1,080101,18/Apr/2008,,CAM_,,,,,,,,CAM_BRR,,U,CAM10,,,,,,,,
CAMS,BRT,BRT,Brief Tasks,Y,8.6.1,080601,17/Oct/2012,,CAM_,Y,,N,,   404,,,CAM_BRT,N,S,CAM16,,,CAM_BRT,,,,,
CAMS,BSM1,BSM,Batch Student Modules (New),N,3.7,030700,18/Jan/1996,,CAM_,,,,,,,,,N,U,,,,,,,,,
CAMS,BTI,BTI,Brief Task Item,Y,8.6.1,080601,19/Oct/2012,,CAM_,Y,,,,    44,,,CAM_BTI,N,,CAM16,,,CAM_BTI,,,,,
CAMS,CCO,CCO,Cost Centre,Y,10.6,100600,21/Sep/2022,,INS_,Y,,D,    36,   592,,,CAM_CCO,N,V,MEN01,,,CAM_CCO,,,,,Defines the cost centres used to analyse expenditure according to defined subject categories. This table can be used to define any externally determined analysis criteria.  The codes used within this table may also be required by other administrative systems within the institution. It is therefore essential that there is a universal agreement on the structure and definition of each code.   
CAMS,CCX,CCX,Common currency exchange rate,Y,10.6,100600,21/Sep/2022,,CAM_,Y,,N,,   122,,,CAM_YSVC_C,N,V,CAM04,,,CAM_CCX,,,,,This table defines the exchange name for the exchange rate to convert the credit to a common currency for the purpose of calculating classification for an award.
CAMS,CLA,CLA,Classification,Y,8.5.1,080501,15/Mar/2012,,CAM_,Y,,D,    11,   277,,,CAM_CLA,N,V,CAM01,,,CAM_CLA,,,,,Defines the types of classifications which can be obtained for an award. The classifications are linked to an award via the Award (AWD) table.
CAMS,CLA1,CLA,Classification,N,3.7,030700,18/Jan/1996,,CAM_,,,,,,,,CAM_CLA,N,U,CAM01,,,,,,,,
CAMS,CLA2,CLA,Classification,N,3.7,030700,18/Jan/1996,,CAM_,,,,,,,,CAM_CLA,N,U,CAM01,,,,,,,,
CAMS,CLA3,CLA,Classification Code,N,8.3.1,080301,18/Mar/2010,,CAM_,,,,,,,,CAM_CLA,N,U,CAM01,,,,,,,,
CAMS,CME,CME,Compensation Method Element,Y,8.7.1,080701,27/Jan/2014,,CAM_,Y,,,,    54,,,CAM_CME,N,S,CAM41,,,CAM_CME,,,,,"The Compensation Method Element (CME) record holds a list of compensation rules to be used for the specified Compensation Method Match (CMM), and the actions to be performed on a pass or fail outcome."
CAMS,CMM,CMM,Compensation Method Match,Y,10.6,100600,21/Sep/2022,,CAM_,Y,,,,   163,,,CAM_CMM,N,S,CAM41,,,CAM_CMM,,,,,The Compensation Method Match (CMM) is a header record for the Compensation Method Element (CME) records. It defines the Automatic Compensation method to be assigned to each matching profile. The CMM code is referenced by the CPE record. It also specifies any variables to be considered in the compensation process.
CAMS,CMM1,CMM,Compensation Method Match,N,8.7.1,080701,21/Mar/2014,,CAM_,,,,,,,,CAM_CMM,,,CAM41,,,,,,,,
CAMS,CNP,CNP,Candidate Number Profile,Y,8.6.0,080600,05/Apr/2012,,CAM_,Y,D,N,,   578,,,CAM_CNP,N,,CAM04,NOTMST,,CAM_CNP,,,,,
CAMS,CNY,CNY,Candidate No Profile Year,Y,8.6.0,080600,12/Apr/2012,,CAM_,Y,D,N,,    97,,,CAM_CNY,N,,CAM04,NOTMST,,CAM_CNY,,,,,
CAMS,COE,COE,Correspondence Type Element,Y,3.5.2,030502,01/Jan/1995,,CAM_,Y,,D,,    59,,,CAM_YSVC_C,N,S,CAM07,,,,,,,,Defines in sequential order the individual correspondence items to be included in a specific Correspondence Type record (COT). The elements will typically comprise a header and a footer item and one or more items in between which relate to specific assessment outcomes. When defining the elements you must express the conditions under which the item is to be included e.g. if result = F
CAMS,COG,COG,Cognate group,Y,10.6,100600,21/Sep/2022,,CAM_,Y,,D,,   122,,,CAM_COG,N,V,CAM01,,,CAM_COG,,,,,
CAMS,COI,COI,Correspondence Items,Y,10.6,100600,21/Sep/2022,5,CAM_,N,,D,    28,   112,    50,,CAM_COI,N,V,CAM07,,,CAM_COI,,,,,"Defines the different types of pre-set messages which may be selected to appear in student assessment correspondence. These are standard paragraphs which can be incorporated automatically thus speeding up the process of producing assessment correspondence of a similar nature for large numbers of students with similar results. Correspondence items are typically header and footer items, together with a variety of items which relate to specific assessment outcomes e.g. failed one module, re-assessment etc."
CAMS,COS,COS,Correspondence Item Selection,Y,10.6,100600,21/Sep/2022,,CAM_,Y,,D,     4,   106,,,CAM_COS,N,V,CAM07,,,CAM_COS,,,,,Defines the elements of a student's assessment record which control the selection criteria for producing student assessment correspondence. This table should be altered with extreme caution.
CAMS,COT,COT,Correspondence Type,Y,10.6,100600,21/Sep/2022,,CAM_,Y,,D,     6,   121,,,CAM_COT,N,V,CAM07,,,CAM_COT,,,,,This table defines a collection of correspondence items (a letter) which may be sent to all students whose results match the criteria defined for each correspondence item which make up the correspondence type record. The individual items making up the record are defined in the Correspondence Element (COE) table.
CAMS,CPE,CPE,Automatic Compensation Profile Element (CPE),Y,8.7.1,080701,07/Feb/2014,,CAM_,Y,,,,    40,,,CAM_CPE,N,S,CAM41,,,CAM_CPE,,,,,The Automatic Compensation Profile Element (CPE) holds a profile that can be compensated using the Method Collection (CMM) specified on the record. Each Automatic Compensation Profile (CPR) must have at least one element (CPE) record to identify the Compensation Method (CMM) that applies to students that match the profile.
CAMS,CPG,CPG,Counsellor for Pathway Group,Y,3.7,030700,20/Jun/1996,,CAM_,Y,,N,,    18,,,CAM_YSVC_C,N,P,CAM01,PRS,<<PRS_CODE>>,,,,,,This table defines the staff who act as academic counsellors for the pathway group and the number of students who they currently counsel. The records are used by the Assign Academic Counsellor process. The maximum and actual number to be counselled are defined in the main Personnel record.
CAMS,CPR,CPR,Automatic Compensation Profile,Y,10.6,100600,21/Sep/2022,,CAM_,Y,,,,   598,,,CAM_CPR,N,S,CAM41,,,CAM_CPR,,,,,The Automatic Compensation Profile (CPR) holds a list of unique codes that define the criteria for the automatic compensation process. Each CPR record is linked to one or more Automatic Compensation Profile Element (CPE) records. The CPR code is held on the Course Block Occurrence (CBO) record.
CAMS,CPR1,CPR,Automatic Compensation Profile (CPR),N,8.7.1,080701,03/Feb/2014,,CAM_,,,,,,,,CAM_CPR,,U,CAM41,,,,,,,,
CAMS,CQE,CQE,Consequence,Y,10.6,100600,21/Sep/2022,,CAM_,Y,,N,,   171,,,CAM_CQE,N,S,CAM14,,,CAM_CQE,,,,,"This table records the consequences which can be applied when a student reaches a certain number of absences, for example, suspension or withdrawal. When a student has an absence (s) recorded against them, the system will check to see if the hours of absence match any of the consequences, hence sending a Standard Letter (SRL) to the relevant people and updating the consequence on the student's Student Programme Route (SPR) record."
CAMS,CRM,CRM,Course Route Map,Y,7.2.1,070201,21/Mar/2005,,INS_,Y,,N,     0,    99,,,CAM_CRM,N,C,CAM01,,,CAM_CRM,,,,,This allows the user to map courses from an external student records system to routes defined in CAMS.
CAMS,CSC,CSC,Classification Selection Conditions Rule,Y,8.1.0,080100,09/Jul/2007,,CAM_,Y,,N,,    76,,,CAM_YSVC_C,N,S,CAM04,,,CAM_CSC,,,,,Defines the conditions before module credits can be selected for the purpose of award classification
CAMS,CSR,CSR,Classification Selection Rule,Y,7.2.1,070201,16/Mar/2005,,CAM_,Y,,N,,    68,,,CAM_YSVC_C,N,S,CAM04,,,CAM_CSR,,,,,Defines the method to select module credits for the purpose of award classification.  There can be a number of selection rules for any one calculation method. Each rule is made up of a number of conditions and each condition has a number of selection filters.
CAMS,CSRT,CSRT,Classification Selection Rule Translation,Y,8.1.0,080100,12/Jul/2007,,CAM_,N,,N,,    15,,,CAM_YSVC_C,N,S,CAM24,NOTMST,,,,,,,
CAMS,CSS,CSS,Classification Selection Filter,Y,8.3.0,080300,19/Jun/2009,,CAM_,Y,,N,,   126,,,CAM_YSVC_C,N,S,CAM04,,,CAM_CSS,,,,,Defines the method to select module credits for the purpose of award classification.  There can be a number of selection rules for any one calculation method. Each rule is made up of a number of conditions and each condition has a number of selection filters.
CAMS,CST,CST,Automatic Compensation Status Reason,Y,8.7.1,080701,27/Jan/2014,,CAM_,Y,,,,   597,,,CAM_CST,N,S,CAM41,,,CAM_CST,,,,,The Automatic Compensation Status Reason (CST) defines reasons for an Automated Compensation calculation to have passed/failed.
CAMS,CST1,CST,Automatic Compensation Status Reason,N,8.7.1,080701,04/Feb/2014,,CAM_,,,,,,,,CAM_CST,,U,CAM41,,,,,,,,
CAMS,CTE,CTE,Common Teaching Element,Y,10.4,100400,17/Feb/2022,,CAM_,Y,,N,,   106,,,CAM_YSVC_C,N,S,CAM02,,,CAM_CTE,,,,,Defines the individual elements which make up a common teaching record. The element uses the module and module occurrence from the Module Availability (MAV) record and the activity and session number from the module's Event (EVE) records.
CAMS,CTE1,CTE,Common Teaching element,N,3.7,030700,18/Jan/1996,,CAM_,,,,,,,,CAM_YSVC_C,N,U,CAM02,,,,,,,,
CAMS,CTT,CTT,Common Teaching,Y,10.6,100600,21/Sep/2022,,CAM_,Y,,N,     3,   179,,,CAM_CTT,N,S,CAM02,,,CAM_CTT,,,,,Defines groups of events that are common within a specific academic year and period i.e. the same activity is being carried out at the same time and containing the same subject matter even though it may belong to different modules. Records defined here enable the Room Scheduler to schedule events into the same room.  Each event which makes up the Common Teaching record is defined in the Common Teaching Element (CTE) record.  Events must have been generated for all module occurrences for the specified academic year and period before these records can be defined.
CAMS,CTT1,CTT,Common Teaching Table,N,4.3,040300,22/Oct/1998,,CAM_,,,,,,,,CAM_CTT,N,U,CAM02,,,,,,,,
CAMS,CXR,CXR,Credit Exchange Rate,Y,4.1,040100,20/May/1998,,CAM_,Y,,N,,    28,,,CAM_YSVC_C,N,S,,,,,,,,,This table defines the credit exchange rate for each level.
CAMS,DAR,DAR,Detailed Absence,Y,10.3,100300,20/May/2021,,CAM_,Y,,N,,   920,,,CAM_DAR,N,S,CAM02,STU,,CAM_DAR,DetailedAbsences,DetailedAbsence,,,"Defines individual physical occurrence within the institution of timetabled events for each module occurrence for which events have been generated. This table is for display only, it would be unusual to enter an event record manually. Institution Events are generated from Events at user's discretion."
CAMS,DAR1,DAR,Detailed Absence,N,6.1.2,060102,16/Apr/2002,,CAM_,,,,,,,,CAM_DAR,N,U,CAM14,,,,,,,,
CAMS,DAR2,DAR,Detailed Absence,N,6.1.2,060102,16/Apr/2002,,CAM_,,,,,,,,CAM_DAR,N,U,CAM14,,,,,,,,
CAMS,DARN,DARN,Detailed Absence Notes,Y,7.1.0,070100,16/Jul/2003,,CAM_,Y,,N,,   218,,,CAM_YSVC_D,N,S,CAM02,,,,,,,,
CAMS,DAY,DAY,Day,Y,10.6,100600,21/Sep/2022,,CAM_,Y,,D,     5,   132,,,CAM_DAY,N,C,CAM01,,,CAM_DAY,,,,,Defines the names of the working days and their individual start and end times.
CAMS,DAY1,DAY,Day Table,N,3.7,030700,18/Jan/1996,,CAM_,,,,,,,,CAM_DAY,N,U,CAM01,,,,,,,,
CAMS,DDE,DDE,Distribution Despatch Error,Y,8.4.1,080401,28/Sep/2010,,CAM_,Y,D,G,,   226,,,CAM_DDE,N,S,CAM34,MST,?<<DDE_MSTC>>,CAM_DDE,,,,,
CAMS,DDH,DDH,Distribution Despatch Hdr,Y,8.7.1,080701,02/Jan/2014,,CAM_,Y,,N,,  1382,,,CAM_DDH,N,C,CAM01,MST,?<<DDH_MSTC>>,CAM_DDH,,,,,
CAMS,DDL,DDL,Distribution Despatch Line,Y,9.8.0,090800,10/Oct/2018,,CAM_,Y,,N,,  1182,,,CAM_DDL,N,C,CAM01,,,CAM_DDL,,,,,
CAMS,DOH,DOH,Distribution Order Header,Y,8.4.1,080401,04/Jan/2011,,CAM_,Y,,N,,   662,,,CAM_DOH,N,C,CAM01,MST,?<<DOH_MSTC>>,CAM_DOH,,,,,
CAMS,DOL,DOL,DIstribution Order Line,Y,9.8.0,090800,10/Oct/2018,,CAM_,Y,,N,,  1248,,,CAM_DOL,N,C,CAM01,MST,?<<DOL_MSTC>>,CAM_DOL,,,,,
CAMS,DOM,DOM,Domain,Y,10.6,100600,21/Sep/2022,,CAM_,Y,,N,    32,   634,,,CAM_DOM,N,C,CAM01,PRS,,CAM_DOM,,,,,Defines the domains that have academic responsibility for each module.  
CAMS,DOM1,DOM,Domain Table,N,5.2,050200,01/Dec/2000,,CAM_,,,,,,,,CAM_DOM,N,U,CAM01,,,,,,,,
CAMS,DPL,DPL,Dummy Personnel list,Y,3.7,030700,18/Jan/1996,,CAM_,Y,,T,,    28,,,CAM_YSVC_D,N,I,,,,,,,,,
CAMS,DPT,DPT,Department,Y,10.1,100100,24/Jun/2020,,INS_,Y,,N,    15,  1057,,,CAM_DPT,Y,V,MEN01,,,MEN_DPT,,,,,Defines the departments which are responsible for the academic resourcing of modules. 
CAMS,DRL,DRL,Dummy Room list,Y,3.7,030700,18/Jan/1996,,CAM_,Y,,T,,    28,,,CAM_YSVC_D,N,I,,,,,,,,,
CAMS,DSL,DSL,Batch Student Module,Y,6.2.0,060200,27/Sep/2002,,CAM_,Y,,T,,    55,,,CAM_YSVC_D,N,P,,SPR,<<SPR_CODE>>,,,,,,Allows the user to generate a list of students who can then be de-scheduled i.e. taken off a module or occurrence of a module onto which they have been incorrectly scheduled during a specific year and period.  This list can then be processed or viewed via the Schedule Batch list (SBL). It can also be edited or else the action to be applied to the list changed e.g. D - De-schedule via the Edit Batch List (EBL) facility.  Whenever a list is defined here any previous list is automatically deleted i.e. there is only ever one batch list created at one time from this point.
CAMS,DYR,DYR,Day Reference,Y,10.6,100600,21/Sep/2022,,CAM_,Y,,D,     2,   121,,,CAM_DYR,N,V,CAM01,,,CAM_DYR,,,,,The data is used by the Generate Events (GEV) process to calculate the start time of consecutive events relative to the start time of the first teaching activity defined for a module.  The valid codes are:  A Absolute B Relative  
CAMS,DYR1,DYR,Day Reference Table,N,3.7,030700,18/Jan/1996,,CAM_,,,,,,,,CAM_DYR,N,U,CAM01,,,,,,,,
CAMS,DYS,DYS,Day Slot,Y,9.5.0,090500,21/Aug/2017,,CAM_,Y,,,,    16,,,CAM_DYS,N,,CAM02,,,CAM_DYS,,,,,The Day Slot (DYS) table defines the slot times that events can be scheduled in.  This table is used by the Module Scheduler to determine when to schedule these events.
CAMS,DYS1,DYS,Day Slot,N,8.8.0,080800,24/Sep/2014,,CAM_,,,,,,,,CAM_DYS,,,CAM39,,,,,,,,
CAMS,EAD,EAD,Event Attribute Details,Y,10.3,100300,25/Aug/2021,,CAM_,Y,,N,,   683,,,CAM_EAD,N,C,CAM02,,,CAM_EAD,EventAttributeDetails,EventAttributeDetail,,,
CAMS,EAD1,EAD,Event Attribute Details,N,8.3.1,080301,18/Mar/2010,,CAM_,,,,,,,,CAM_EAD,N,U,CAM02,,,,,,,,
CAMS,EAE,EAE,Event Attribute exception,Y,9.4.0,090400,15/Nov/2016,,CAM_,Y,,N,,    58,,,CAM_EAE,N,C,CAM02,,,CAM_EAE,,,,,
CAMS,EAE1,EAE,Event Attribute exception,N,8.1.1,080101,18/Apr/2008,,CAM_,,,,,,,,CAM_EAE,,U,CAM02,,,,,,,,
CAMS,ECC,ECC,EC Comments,Y,9.4.0,090400,07/Nov/2016,,CAM_,N,,N,,   584,,,CAM_ECC,N,,CAM45,MST,?<<ECC_MSTC>>,CAM_ECC,ECCommentss,ECComments,,,The Extenuating Circumstance Comments Record holds the comments from different people relating to an EC request.
CAMS,ECL,ECL,External Credit Level,Y,10.6,100600,21/Sep/2022,,INS_,Y,,D,,   123,,,CAM_YSVC_E,N,C,MEN01,,,MEN_ECL,,,,,Defines codes for the year level of credits. This enables the comparison of information with regard to credit transfer schemes.
CAMS,ECL1,ECL,Ext Credit Level (SHARED) ,N,8.8.0,080800,24/Sep/2014,,INS_,,,,,,,,,,,,,,,,,,,
CAMS,ECN,ECN,Exam Centre Contact,Y,10.6,100600,21/Sep/2022,,CAM_,Y,S,N,,  3490,,,CAM_ECN,N,P,CAM01,,,CAM_ECN,,,,,Exam Centre Contact details 
CAMS,ECP,ECP,Exam Candidate Paper,Y,9.2.0,090200,03/Feb/2016,,CAM_,Y,,N,,   778,,,CAM_ECP,N,C,CAM33,MST,?<<ECP_MSTC>>,CAM_ECP,,,,,"Student/Candidate level entity, recording returned exam papers."
CAMS,ECR,ECR,Event Change Request,Y,9.4.0,090400,15/Nov/2016,,CAM_,N,,,,  1095,,,CAM_ECR,N,C,CAM19,PRS,?<<ECR_PRSC>>,CAM_ECR,,,,,"Event Change Request (ECR) The Event Change Request (ECR) record is created as a result of using the Timetable Review process (SIW_XECR) on e:Vision. A user such as a tutor, departmental staff or administrator can request a change to an Event before the final timetable is produced. These change requests can include week, day or time changes, or changes to the Personnel, Room and Facility Event Attributes (EVA) attached to the Event. Each time a request is made via the Timetable Review process, an ECR record is created. If any subsequent requests are made to the same Event, the original ECR record's status will be changed from Current to Superseded and the new ECR record's status will be set to Current. ECR records can be reviewed by the relevant administrator in the Modify Events (MEV) screen and the requested changes rejected or accepted. Any changes that are accepted can be made in the Modify Events (MEV) screen."
CAMS,ECS,ECS,EC Request Stage,Y,9.4.0,090400,03/Nov/2016,,CAM_,Y,,N,,   555,,,CAM_ECS,N,,CAM45,MST,?<<ECS_MSTC>>,CAM_ECS,ECRequestStages,ECRequestStage,,,This entity holds the request stage for an extenuating circumstance
CAMS,ECV,ECV,Exam Centre Visit Logs,Y,10.6,100600,21/Sep/2022,,CAM_,Y,,N,,  2690,,,CAM_ECV,N,C,CAM01,NOTMST,,CAM_ECV,,,,,Provides the facility to record general information about exam centre visit logs. The exam centres visit logs are attached to the exam centre. 
CAMS,EDT,EDT,Electronic Distribution Table,Y,8.7.0,080700,01/Aug/2013,,CAM_,Y,,G,,  1967,,,CAM_EDT,N,P,CAM16,PRS,?<<EDT_PRSC>>,CAM_EDT,,,,,The EDT table incorporates all of the information required for an Electronic Distribution Table. This table is used for reporting purposes and is automatically populated and updated by a batch process using the main assignment submission tables.
CAMS,EGE1,EGE,Event Group Profile,N,5.2,050200,16/Jul/2000,,CAM_,,,,,,,,CAM_YSVC_E,N,U,,,,,,,,,
CAMS,EIC,EIC,Event Instance Change,Y,10.0,100000,07/Oct/2019,,CAM_,Y,,N,,    89,,,CAM_EIC,N,C,CAM02,NOTMST,,CAM_EIC,,,,,Event Instance Change (EIC) records: These are an audit of every Event Instance (EVI) alteration where it has been identified that all associated Event Attributes (EVA) need to be re-evaluated to establish whether they could potentially be contributing towards a clashing timetable (EVA_RCSH).
CAMS,EID,EID,Event Instance Dependency,Y,7.4.1,070401,03/Jan/2007,,CAM_,Y,,N,,    36,,,CAM_EID,N,C,CAM02,,,CAM_EID,,,,,
CAMS,EID1,EID,Event Instance Dependency,N,8.1.1,080101,18/Apr/2008,,CAM_,,,,,,,,CAM_EID,,U,CAM02,,,,,,,,
CAMS,EIR,EIR,Event Instance Review,Y,8.4.0,080400,19/May/2010,,CAM_,Y,,N,,  1516,,,CAM_EIR,N,C,CAM02,MST,?<<EIR_MSTC>>,CAM_EIR,,,,,
CAMS,EIR1,EIR,Event Instance Review,N,8.1.1,080101,18/Apr/2008,,CAM_,,,,,,,,CAM_EIR,,U,CAM02,,,,,,,,
CAMS,ELP,ELP,Events Limit Properties,Y,3.8,030800,18/Nov/1996,5,CAM_,N,,N,    60,    24,    50,,CAM_YSVC_E,N,C,,,,,,,,,
CAMS,ELP1,ELP,Events Limit Properties,N,3.8,030800,18/Nov/1996,,CAM_,,,,,,,,CAM_YSVC_E,N,U,,,,,,,,,
CAMS,ELV,ELV,External Level,Y,10.6,100600,21/Sep/2022,,INS_,Y,,D,,   118,,,CAM_YSVC_E,N,V,MEN01,,,MEN_ELV,,,,,Defines the external level codes used in the collection of national statistics. Refer to the latest published guidance for a list of currently accepted values.
CAMS,EMC,EMC,Event management command,Y,3.7,030700,18/Jan/1996,,CAM_,Y,D,T,     0,    80,,,CAM_YSVC_E,N,I,CAM01,,,,,,,,
CAMS,EMCA,EMCA,Event management command - Read,Y,3.7,030700,18/Jan/1996,,CAM_,Y,,T,     0,    80,,,CAM_YSVC_E,N,I,,,,,,,,,
CAMS,EMR,EMR,Export Module Result,Y,5.2,050200,01/Dec/2000,,CAM_,Y,D,T,     0,    51,,,CAM_EMR,N,P,CAM01,SPR,<<EMR_SPRC>>,CAM_EMR,,,,,
CAMS,EMRA,EMRA,Export Module results Append,Y,3.7,030700,18/Jan/1996,,CAM_,Y,D,T,     0,    43,,,CAM_EMR,N,P,CAM01,SPR,<<EMRA_SPRC>>,,,,,,
CAMS,EMS,EMS,Event Module Scheduler Record,Y,8.8.0,080800,12/Jun/2014,,CAM_,Y,,,,    63,,,CAM_EMS,N,,CAM39,,,CAM_EMS,,,,,The Event Module Scheduler Record (EMS) table holds the information for Module Scheduler specific Events.
CAMS,EMS1,EMS,Event Module Scheduler,N,8.6.1,080601,08/Nov/2012,,CAM_,,,,,,,,CAM_EMS,N,,CAM39,,,,,,,,
CAMS,EMS2,EMS,Event Module Scheduler,N,8.6.1,080601,08/Nov/2012,,CAM_,,,,,,,,CAM_EMS,N,,CAM39,,,,,,,,
CAMS,EPF,EPF,EP child record,Y,8.8.1,080801,03/Dec/2014,,CAM_,Y,,,,    24,,,CAM_EPF,N,,CAM02,MST,<<EPF_MSTC>>,CAM_EPF,EPChildRecords,EPChildRecord,,,
CAMS,EPH,EPH,EP header record,Y,8.8.1,080801,13/Mar/2015,,CAM_,Y,,,,   241,,,CAM_EPH,N,,CAM02,MST,,CAM_EPH,EPHeaderRecords,EPHeaderRecord,,,"Users can save their favourite Course, Programme, Route and Pathway selection. When a user marks a combination of Course, Programme, Route and Pathway(s) as a favourite an Enrolment Planning Favourites (EPH) record will be created in SITS:Vision client-server. This record will contain the specified Programme (PRG) Code, Route (ROU) Code and Pathway (PWY) Code for the User Master Code along with the time and date the favourite(s) were selected."
CAMS,EQA,EQA,External Qualification Aim,Y,9.8.0,090800,31/Jan/2019,,INS_,Y,,D,,   341,,,CAM_YSVC_E,N,V,MEN01,,,MEN_EQA,,,,,"A record of what qualification a student hopes to attain. Field 39 (classification) covers institutions which allow enrolment to ordinary as well as honours degrees. Code 22 includes Finneston and other 'undergraduate masters' degrees. Postgraduate professional qualifications are those which, regardless of their level require the possession of a first degree for admission. In the case of a student taking more than one qualification please return that qualification whose code is closest to one (in the absence of a code for the particular combination) This allows the distinguishing of various courses leading to degrees."
CAMS,EQA1,EQA,Extl Qualif. Aim (SHARED) ,N,8.3.1,080301,18/Mar/2010,,INS_,,,,,,,,,N,U,,,,,,,,,
CAMS,EQA2,EQA,Extl Qualif. Aim (SHARED) ,N,9.3.0,090300,07/Sep/2016,,INS_,,,,,,,,,,,,,,,,,,,
CAMS,ER1,ER1,External Reference 1,Y,10.6,100600,21/Sep/2022,,CAM_,Y,,N,     0,   121,,,CAM_ER1,N,V,CAM01,,,CAM_ER1,,,,,
CAMS,ER2,ER2,External Reference 2,Y,10.6,100600,21/Sep/2022,,CAM_,Y,,N,     0,   121,,,CAM_ER2,N,V,CAM01,,,CAM_ER2,,,,,
CAMS,ERA,ERA,Exam Room Slot Availability,Y,10.2,100200,27/Jan/2021,,CAM_,Y,,N,,    31,,,CAM_ERA,N,C,CAM08,,,CAM_ERA,,,,,
CAMS,ERA1,ERA,Subtype Entity,N,10.2,100200,08/Mar/2021,,CAM_,,,,,,,,CAM_ERA,,,CAM08,,,,,,,,
CAMS,ERS,ERS,Event Route Selection,Y,8.6.1,080601,13/Mar/2013,,CAM_,Y,,N,,    92,,,CAM_YSVC_E,N,C,CAM02,,,CAM_ERS,,,,,This table is used to limit a student's access to specific events according to his/her route. May be useful for students with different modes of attendance who are studying the same module but need to be kept separate.  Event Route Selection works in two ways either by making an event exclusive to a particular group of students or conversely by excluding them from an event.
CAMS,ERS1,ERS,Event Route Selection,N,4.3,040300,22/Oct/1998,,CAM_,,,,,,,,CAM_YSVC_E,N,U,,,,,,,,,
CAMS,ESA,ESA,Export Student Award,Y,3.5.2,030502,01/Jan/1995,,CAM_,Y,D,T,     0,    62,,,CAM_ESA,N,P,CAM01,SPR,<<ESA_SPRC>>,CAM_ESA,,,,,
CAMS,ESAA,ESAA,Export Student Award Append,Y,3.7,030700,18/Jan/1996,,CAM_,Y,D,T,     0,    56,,,CAM_ESA,N,P,CAM01,SPR,<<ESAA_SPRC>>,,,,,,
CAMS,ESB,ESB,External Subject,Y,9.8.0,090800,12/Mar/2019,,INS_,Y,,D,,  1189,,,CAM_YSVC_E,N,V,MEN01,,,MEN_ESB,,,,,Defines the external subject codes used in the collection of national statistics. Refer to the latest published guidance for a list of currently accepted values.
CAMS,ESB1,ESB,External Subject (SHARED),N,8.6.1,080601,08/Nov/2012,,INS_,,,,,,,,,N,,,,,,,,,,
CAMS,ESB2,ESB,External Subject (SHARED),N,7.1.1,070101,26/Mar/2004,,INS_,,,,,,,,,N,U,,,,,,,,,
CAMS,ESB3,ESB,External Subject (SHARED),N,7.1.1,070101,26/Mar/2004,,INS_,,,,,,,,,N,U,,,,,,,,,
CAMS,ESQ,ESQ,Event Swap Request,Y,10.6,100600,20/Jan/2023,,CAM_,Y,D,N,,   633,,,CAM_ESQ,N,P,CAM19,MST,<<ESQ_MSTC>>,CAM_ESQ,EventSwapRequests,EventSwapRequest,,,This entity holds information about a student's request to swap from one event to another.
CAMS,ESS,ESS,Exam Selection Submission,Y,9.2.0,090200,30/Mar/2016,,CAM_,Y,,N,,  1331,,,CAM_ESS,N,P,CAM02,SPR,<<ESS_SPRC>>,CAM_ESS,ExamSelectionSubmissions,ExamSelectionSubmission,,,An Exam Selection Submission record is generated when a student proceeds through the online examination submission process.
CAMS,ESS1,ESS,Exam Selection Submission,N,8.3.1,080301,18/Mar/2010,,CAM_,,,,,,,,CAM_ESS,N,U,CAM33,,,,,,,,
CAMS,EVA,EVA,Event Attribute,Y,10.4,100400,28/Feb/2022,,CAM_,Y,,N,,   184,,,CAM_YSVC_E,N,C,CAM02,SCJ,?<<EVA_SCJC>>,CAM_EVA,EventAttributes,EventAttribute,,,
CAMS,EVA1,EVA,Event Attribute,N,7.4.1,070401,06/Mar/2007,,CAM_,,,,,,,,CAM_YSVC_E,N,U,CAM02,,,,,,,,
CAMS,EVA2,EVA,Casc del rel with EVI,N,8.3.1,080301,18/Mar/2010,,CAM_,,,,,,,,CAM_YSVC_E,N,U,CAM02,,,,,,,,
CAMS,EVC,EVC,Event Clash,Y,9.8.0,090800,27/Nov/2018,,CAM_,N,,,,   105,,,CAM_EVC,N,,CAM02,,,CAM_EVC,,,,,"This entity is used to hold a list of Events that need to be clash checked within the SST process. This table is maintained by the system and should not be amended in any way. It is not possible to use Auditing, TUP etc. on this entity."
CAMS,EVE,EVE,Event,Y,10.5,100500,02/Aug/2022,,CAM_,Y,D,G,  2597,  1432,,,CAM_EVE,N,C,CAM02,USR,?<<EVE_USRC>>,CAM_EVE,,,,,"Defines all timetabled events for each module occurrence for which events have been generated. This table is for display only, it would be unusual to enter an event record manually. Any alterations to individual details of an event must be very carefully considered. Staff and rooms can be manually assigned to events."
CAMS,EVE1,EVE,Event Table,N,,,25/May/2018,,CAM_,,,,,,,,CAM_YSVC_E,N,U,,,,,,,,,"Defines all timetabled events for each module occurrence for which events have been generated. This table is for display only, it would be unusual to enter an event record manually. Any alterations to individual details of an event must be very carefully considered. Staff and rooms can be manually assigned to events."
CAMS,EVE2,EVE,Events,N,3.8,030800,15/Nov/1996,,CAM_,,,,,,,,CAM_YSVC_E,N,U,,,,,,,,,
CAMS,EVE3,EVE,Event Table,N,8.7.1,080701,15/Oct/2013,,CAM_,,,,,,,,CAM_EVE,N,,CAM02,,,,,,,,
CAMS,EVI,EVI,Event Instance,Y,9.4.0,090400,28/Nov/2016,,CAM_,Y,,N,,   103,,,CAM_YSVC_E,N,C,CAM02,,,CAM_EVI,,,,,
CAMS,EVI1,EVI,Event Instance,N,8.1.1,080101,15/Jan/2008,,CAM_,Y,,,,    79,,,CAM_YSVC_E,N,U,CAM02,,,CAM_EVI,,,,,
CAMS,EVI2,EVI,Event Instance,N,8.3.1,080301,18/Mar/2010,,CAM_,,,,,,,,CAM_YSVC_E,N,U,CAM02,,,,,,,,
CAMS,EVL,EVL,Event Clashes,Y,9.7.0,090700,02/May/2018,,CAM_,Y,D,N,,    54,,,CAM_EVL,N,S,CAM02,NOTMST,,CAM_EVL,,,,,The Event Clashes (EVL) table holds a list of events that clash with an event. It is used in conjunction with the Event Instance Change (EIC) table to ensure that the Reported Clash field on EVA can be kept up to date. This table is updated by the system automatically as part of the processing of EIC records and should not normally need to be changed manually.
CAMS,EVP,EVP,Event Programme Target,Y,10.3,100300,18/Aug/2021,,CAM_,Y,S,N,,    56,,,CAM_EVP,N,C,CAM02,,,CAM_EVP,,,,,"The Event Programme Target entity is used to restrict the number of students with a particular profile (based on Programme, Level, and Mode of Attendance) who can be assigned to an Event (EVE). The information recorded on this record is associated with the equivalent information on the parent Event, which still controls the overall totals. The Class Size totals on the EVP records should add up, overall, to the # Students (Class Size) defined on the parent Event record."
CAMS,EVQ,EVQ,Event Quarantine Paper (EVQ),Y,10.5,100500,27/Apr/2022,,CAM_,Y,D,N,,    36,,,CAM_EVQ,N,C,CAM08,NOTMST,,CAM_EVQ,EventQuarantinePapers,EventQuarantinePaper,,,The Event Quarantine Paper entity is used to define which papers are being taken during a quarantine exam event.
CAMS,EVR,EVR,Event Register,Y,8.6.0,080600,18/Sep/2012,,CAM_,Y,,N,,  1571,,,CAM_EVR,N,C,CAM02,,,CAM_EVR,,,,,
CAMS,EVR1,EVR,Event Register,N,8.2.0,080200,02/Jul/2008,,CAM_,,,,,,,,CAM_EVR,N,U,CAM02,,,CAM_EVR,,,,,
CAMS,EVS,EVS,Extenuating Circumstances Valid Stage,Y,9.4.0,090400,07/Nov/2016,,CAM_,Y,,N,,    26,,,CAM_EVS,N,,CAM45,,,CAM_EVS,,,,,This entity holds the stages that are valid for each type of extenuating circumstance.
CAMS,EXC,EXC,Exam Centre,Y,9.4.0,090400,15/Nov/2016,5,CAM_,N,,N,    16,  2599,,,CAM_EXC,N,C,CAM01,USR,?<<EXC_USRC>>,CAM_EXC,,,,,Provides the facility to record general information about exam centres. The exam centres are attached to the exam slot records once the exam slots have been generated via Assessment scheduling Profiles (ASP).  To add the exam centres quickly go to POG (program option group) Retrieve the code SI_RSQ. Click on the button at the end of the record. Select option 1 -Students in exam slots  from the set of options which appear. 
CAMS,EXC1,EXC,Exam Centre,N,8.1.1,080101,18/Apr/2008,,CAM_,,,,,,,,CAM_EXC,,U,CAM01,,,,,,,,
CAMS,EXI,EXI,EC Linked Items,Y,10.1,100100,09/Apr/2020,,CAM_,Y,,N,,   798,,,CAM_EXI,N,,CAM45,MST,?<<EXI_MSTC>>,CAM_EXI,ECLinkedItemss,ECLinkedItems,,,The Extenuating Circumstance Linked Items record holds the details of the module or assessment item that has been affected by the extenuating circumstance.
CAMS,EXR,EXR,Extenuating Circumstance Request,Y,10.7,100700,14/Jul/2023,,CAM_,N,,N,,   631,,,CAM_EXR,N,,CAM45,MST,?<<EXR_MSTC>>,CAM_EXR,ExtenuatingCircumstanceRequests,ExtenuatingCircumstanceRequest,,,This entity holds a request for an extenuating circumstance
CAMS,EXR1,EXR,,N,9.9.0,090900,,,CAM_,,,,,,,,CAM_EXR,N,U,CAM45,,,,,,,,
CAMS,EXS,EXS,Extenuating Circumstances Stage,Y,10.6,100600,21/Sep/2022,,CAM_,Y,,N,,  2128,,,CAM_EXS,N,,CAM45,,,CAM_EXS,,,,,This entity defines the stages available during Extenuating Circumstance processing.
CAMS,EXT,EXT,Extenuating Circumstance Type,Y,10.6,100600,21/Sep/2022,,CAM_,Y,,N,,   129,,,CAM_EXT,N,,CAM45,,,CAM_EXT,,,,,This entity defines the types of extenuating circumstance processing available.
CAMS,FBA,FBA,Feedback Access,Y,,,21/May/2012,,CAM_,Y,D,N,,   535,,,CAM_FBA,N,,CAM35,NOTMST,,CAM_FBA,,,,,"The Feedback Access entity allows access to a particular type of feedback to be controlled using methods including restricting by MST, RGD, UGC or COM. It also allows an institution to define whether a user can override certain default values for a type (such as the category of feedback or whether the recipient should see the item)."
CAMS,FBB,FBB,Feedback Bank,Y,8.7.0,080700,29/Jul/2013,,CAM_,Y,D,N,,   927,,,CAM_FBB,N,,CAM35,NOTMST,,CAM_FBB,,,,,The feedback bank entity holds items of feedback in a bank so they can be reused by a tutor/staff member. This might be a simple block of text or an attached document. Text entered as feedback is stored in the FBBN entity.
CAMS,FBBN,FBBN,Feedback Bank Notes,Y,8.6.0,080600,20/Jun/2012,,CAM_,N,D,N,,    36,,,CAM_YSVC_F,N,,,,,,,,,,The Feedback Bank Note entity is used to hold the actual feedback content for the feedback bank. It is directly associated with the FBB table and is not used separately.
CAMS,FBC,FBC,Feedback Category,Y,10.6,100600,21/Sep/2022,,CAM_,Y,,,,   853,,,CAM_FBC,N,V,CAM35,,,CAM_FBC,,,,,The Feedback Category entity can be used to specify the available categories of feedback that are available for use by staff members
CAMS,FBF,FBF,Feedback Bank Favourites,Y,8.7.0,080700,29/Jul/2013,,CAM_,Y,D,N,,    71,,,CAM_FBF,N,,CAM35,NOTMST,,CAM_FBF,,,,,The feedback bank favourites entity holds records of a user's favourites and the personal popularity of each feedback bank item.
CAMS,FBG,FBG,Feedback Group,Y,10.6,100600,21/Sep/2022,,CAM_,Y,D,N,,   621,,,CAM_FBG,N,V,CAM35,NOTMST,,CAM_FBG,,,,,"The Feedback Group entity is used to group items of feedback together so that they can be associated with a student record (against SAS, SRA, SAQE, or SRQE in the first instance)."
CAMS,FBK,FBK,Feedback Details,Y,8.6.0,080600,22/May/2012,,CAM_,Y,D,N,,   899,,,CAM_FBK,N,,CAM35,NOTMST,,CAM_FBK,,,,,The Feedback Details entity holds information about a piece of feedback given to a student. This might be a simple block of text or an attached document.
CAMS,FBKN,FBKN,Feedback Details Note,Y,8.6.0,080600,22/May/2012,,CAM_,N,D,N,,    40,,,CAM_YSVC_F,N,,,NOTMST,,,,,,,The Feedback Details Note entity is used to hold the actual feedback given to a student. It is directly associated with the FBK table and is not used separately.
CAMS,FBO,FBO,Feedback Options,Y,10.6,100600,21/Sep/2022,,CAM_,Y,D,N,,   612,,,CAM_FBO,N,,CAM35,NOTMST,,CAM_FBO,,,,,"The Feedback Options entity is used to define any options that denote, for instance, what types of feedback are available for an assessment or question. This also includes things such as whether a user is permitted to access the feedback bank."
CAMS,FBT,FBT,Feedback Type,Y,10.6,100600,21/Sep/2022,,CAM_,Y,D,N,,   899,,,CAM_FBT,N,,CAM35,NOTMST,,CAM_FBT,,,,,"The Feedback Type entity is used to allow types of feedback to be defined. This might include whether the feedback should be a block of text or a file upload and whether the feedback should be shown to the recipient by default, etc."
CAMS,FED,FED,Fee Profile Detail,Y,3.5.2,030502,01/Jan/1995,,CAM_,Y,,N,,     9,,,CAM_YSVC_F,N,C,,,,,,,,,
CAMS,FMC,FMC,Form Module Collection,Y,8.7.1,080701,28/Feb/2014,,CAM_,Y,,N,   862,   638,,,CAM_FMC,N,V,CAM03,,,CAM_FMC,,,,,"A formed module collection record defines a collection of modules designed to meet a specific purpose, e.g. a particular rule such as AS level 1 modules. The modules which form the collection are defined as entries in the Formed Module Element table which can only be accessed via the Formed Module Collection table. This table is used by the planning process."
CAMS,FMC1,FMC,Form Module Collection,N,5.2,050200,16/Jul/2000,,CAM_,,,,,,,,CAM_FMC,N,U,CAM03,,,,,,,,
CAMS,FME,FME,Formed Module Collection Element,Y,8.1.0,080100,09/Jul/2007,,CAM_,Y,,N,,    65,,,CAM_YSVC_F,N,C,CAM03,,,CAM_FME,,,,,Defines the individual modules which make up a Formed Module Collection record. Groups of modules can be defined according to:  type level or by using the wildcard facility in the module field e.g. HS*
CAMS,FME1,FME,Formed Module Elements,N,5.2,050200,16/Jul/2000,,CAM_,,,,,,,,CAM_YSVC_F,N,U,,,,,,,,,
CAMS,FML,FML,FMC List,Y,8.4.0,080400,29/Jun/2010,,CAM_,Y,D,G,,   107,,,CAM_FML,N,S,CAM03,,,CAM_FML,,,,,Formed Module Collection List (FML) records relate to the filtering of module records for use within the Generate Student Diet Module (GSDM) and Module Registration (SIW_MRG) processes.  System Parameter (SYP) CAM_FML_001 defines whether these records are created (and using which method).
CAMS,FPT,FPT,Fee Profile,Y,10.7,100700,22/Jul/2024,,INS_,Y,,D,    14,  3961,,,CAM_FPT,N,C,SRS02,,,SRS_FPT,,,,,Defines the different types of fee profile which determine the standard rate of fees to be charged for a module. This is defined on the Module (MOD).  Once defined the fee profile types are unlikely to be changed but the elements will do so since they are year specific.
CAMS,FQE,FQE,Frequency elements,Y,10.4,100400,23/Feb/2022,,CAM_,Y,,N,,   982,,,CAM_FQE,N,C,CAM01,PRS,,CAM_FQE,,,,,Are used to specify precisely when events will run.
CAMS,FQE1,FQE,Frequency elements,N,8.3.1,080301,18/Mar/2010,,CAM_,,,,,,,,CAM_FQE,N,U,CAM01,,,,,,,,
CAMS,FRQ,FRQ,Frequency,Y,10.6,100600,21/Sep/2022,,CAM_,Y,,D,     1,   135,,,CAM_FRQ,N,C,CAM01,,,CAM_FRQ,,,,,"Used during the generate events process, the frequency table defines time which elapses between occurrences of the same event. It will generate events every week of a period unless FQE records are attached to specify the precise weeks, days and times."
CAMS,FRQ1,FRQ,Frequency Table,N,8.3.1,080301,18/Mar/2010,,CAM_,,,,,,,,CAM_FRQ,N,U,CAM01,,,,,,,,
CAMS,FTC,FTC,Feedback Type Collection,Y,10.6,100600,21/Sep/2022,,CAM_,Y,D,N,,   853,,,CAM_FTC,N,V,CAM35,NOTMST,,CAM_FTC,,,,,The Feedback Type Collection entity allows a group of Feedback Types to be created. These can then be made available to members of staff as part of the feedback options associated with an assessment element.
CAMS,FTE,FTE,Feedback Type Element,Y,8.6.0,080600,22/May/2012,,CAM_,Y,D,N,,    28,,,CAM_FTE,N,,CAM35,NOTMST,,CAM_FTE,,,,,The Feedback Type Element entity allows the Feedback Types within a collection to be defined i.e. the elements of the Feedback Type Collection (FTC)
CAMS,GPE,GPE,GPA Profile Elements,Y,8.7.1,080701,25/Mar/2014,,CAM_,Y,,,,   509,,,CAM_GPE,N,S,CAM40,,,CAM_GPE,,,,,"The GPP Elements (GPE) are used to determine the types of GPA calculation to be used. They can be accessed via the GPP other menu. For example, these could be overall, major or an other method. Additionally, each type has a corresponding Progression Calc Method (PCM)."
CAMS,GPP,GPP,GPA Profile,Y,10.6,100600,21/Sep/2022,,CAM_,Y,,,,   128,,,CAM_GPP,N,V,CAM40,,,CAM_GPP,,,,,The GPA Profile (GPP) is defined on the Course Block Occurrence (CBO) record. GPP has a set of Elements (GPE) used to identify separate groups of students and the corresponding progression method/rules for the GPA calculation.
CAMS,GPT,GPT,GPA Type,Y,10.6,100600,21/Sep/2022,,CAM_,Y,,N,,   599,,,CAM_GPT,N,S,CAM40,,,CAM_GPT,,,,,"The GPA Type (GPT) record defines the types of GPA calculation. For example, overall, major (pathway) or other."
CAMS,GTC,GTC,GPA Type Collection,Y,10.6,100600,21/Sep/2022,,CAM_,Y,,,,   128,,,CAM_GTC,N,V,CAM40,,,CAM_GTC,,,,,The GPA Type Collection (GTC) defines the way in which GPA Types (GPT) can be formed into a collection and used in Progression. The individual GPA Types which make up the collection are further defined in the GPA Type Element (GTE) table.
CAMS,GTE,GTE,GPA Type Collection Elements,Y,8.8.0,080800,18/Jun/2014,,CAM_,Y,,,,    26,,,CAM_GTE,N,,CAM40,,,CAM_GTE,,,,,
CAMS,HLC,HLC,Holiday,Y,10.6,100600,21/Sep/2022,,CAM_,Y,S,D,,   598,,,CAM_HLC,N,V,MEN02,,,CAM_HLC,,,,,The Holiday Collection is a group of dates (usually Bank Holidays). This group of dates is used in scheduling to not create teaching Events on these days.
CAMS,HLD,HLD,Holiday Dates,Y,10.6,100600,21/Sep/2022,,CAM_,Y,S,D,,   135,,,CAM_HLD,N,V,MEN02,,,CAM_HLD,,,,,
CAMS,ICG,ICG,SIM Consignment Group,Y,10.6,100600,21/Sep/2022,,CAM_,Y,D,N,,   957,,,CAM_ICG,N,S,CAM34,,,CAM_ICG,,,,,
CAMS,ICL,ICL,SIM Consignment Line,Y,8.4.0,080400,21/Jul/2010,,CAM_,Y,D,N,,   995,,,CAM_ICL,N,S,CAM34,,,CAM_ICL,,,,,
CAMS,IJR,IJR,Individual Job Req.,Y,,,04/Jul/2012,,CAM_,Y,,,,    39,,,CAM_IJR,N,,CAM18,,,CAM_IJR,,,,,"Invigilator Job Requirements (IJR) holds individual jobs a member of staff might have, such as exam preparation, invigilation, exam clear-up, etc."
CAMS,INS,INS,Institution,Y,10.4,100400,10/Feb/2022,,INS_,N,S,D,,  1921,,,CAM_YSVC_I,N,V,MEN01,,,MEN_INS,,,,,
CAMS,INS1,INS,Institutions,N,8.3.1,080301,18/Mar/2010,,INS_,,,,,,,,,N,U,,,,,,,,,
CAMS,IPG,IPG,Invalid Pathway groups,Y,3.5.2,030502,01/Jan/1995,,CAM_,Y,,N,,    15,,,CAM_YSVC_I,N,C,CAM01,,,,,,,,Defines those pathway groups which are not valid for inclusion in a particular route. This table is used when generating large numbers of routes automatically.
CAMS,LCA,LCA,Location,Y,10.6,100600,21/Sep/2022,,INS_,Y,,N,    13,   742,,,CAM_YSVC_L,N,V,MEN01,,,MEN_LCA,,,,,Contains definitions of locations where modules within CAMS can be made available and scheduled. The location is important to the CAMS Student Scheduling process because the first criterion for allocation a student to a module occurrence is the location. The main location of a student is defined in the Student (STU) record.  Do not confuse location with site. Location allows the scheduling process to be controlled in a way that is independent of actual sites.  The codes used may also be required by other administrative systems it is essential therefore that there is universal agreement on the structure and definition of each code.  
CAMS,LCA1,LCA,Location,N,3.7,030700,18/Jan/1996,,INS_,,,,,,,,,N,U,CAM01,,,,,,,,
CAMS,LCF,LCF,Location Facilities,Y,7.2.1,070201,16/Mar/2005,,CAM_,Y,,N,,   298,,,CAM_LCF,N,C,CAM12,MST,?<<LCF_MSTC>>,CAM_LCF,,,,,
CAMS,LCF1,LCF,Location Facilities,N,8.1.1,080101,18/Apr/2008,,CAM_,,,,,,,,CAM_LCF,,U,CAM12,,,,,,,,
CAMS,LCM,LCM,Location contact MST,Y,7.2.1,070201,16/Mar/2005,,CAM_,Y,,N,,    50,,,CAM_LCM,N,C,CAM12,MST,?<<LCM_MSTC>>,CAM_LCM,,,,,
CAMS,LEV,LEV,Level,Y,10.6,100600,21/Sep/2022,,CAM_,Y,,N,     4,   142,,,CAM_LEV,N,V,CAM01,,,CAM_LEV,,,level,Level,Defines the levels of modules within a scheme. 
CAMS,LEV1,LEV,Level Table,N,4.3,040300,02/Dec/1998,,CAM_,,,,,,,,CAM_LEV,N,U,CAM01,,,,,,,,
CAMS,LEV2,LEV,Level Table,N,8.6.1,080601,08/Nov/2012,,CAM_,,,,,,,,CAM_LEV,N,,CAM01,,,,,,,,
CAMS,LME,LME,Learn Mat Elements,Y,5.1,050100,04/Jun/1999,,CAM_,Y,,N,    16,    41,,,CAM_LME,N,C,CAM01,PRS,,CAM_LME,,,,,Learning Material Elements which make up sets. An Element is a learning material item one or more of which will form part of a set.
CAMS,LME1,LME,sub type of LME,N,6.2.0,060200,07/Nov/2002,,CAM_,,,,,,,,CAM_LME,,U,CAM01,,,,,,,,
CAMS,LMI,LMI,Learning Material Item,Y,10.6,100600,21/Sep/2022,5,CAM_,Y,,N,    39,  2179,    50,,CAM_LMI,N,C,CAM01,,,CAM_LMI,,,,,"Learning Material Items.This field is validated by an entry in the LMI table and consists of any item which is used to support a student's study (12 characters). Each item may have many versions which can have a status of available, unavailable, planned or withdrawn. Collections of items (usually shrink wrapped for sending) are known as learning sets (LMS)."
CAMS,LMS,LMS,Learning Material Sets,Y,10.6,100600,21/Sep/2022,5,CAM_,Y,,N,    22,  2357,,,CAM_LMS,N,C,CAM01,PRS,,CAM_LMS,,,,,"Learning Material Sets (LMS) are defined as collections of learning material items (LMI). LMS will normally be the level at which the institution re-uses learning materials across different module occurrences. Learning material sets are attached to the availability records (MAV) of modules. It is necessary to define these Learning Material Sets (LMS) using consistent coding strategies possibly relating to module code e g. beginning with EN for those sets attached to an English module. The 4 fields to be completed are code, short name, name and personnel."
CAMS,LMS1,LMS,Learning Material Sets,N,7.1.1,070101,26/Mar/2004,,CAM_,,,,,,,,CAM_LMS,N,U,CAM01,,,,,,,,
CAMS,LMT,LMT,Learning Material Task,Y,10.6,100600,21/Sep/2022,3,CAM_,Y,,N,     0,  2216,    50,,CAM_LMT,N,C,CAM01,PRS,,CAM_LMT,,,,,Learning Material Task from LM versions
CAMS,LMV,LMV,Learn Material Version,Y,10.6,100600,21/Sep/2022,5,CAM_,Y,,N,    45,  2337,    50,,CAM_LMV,N,C,CAM01,PRS,,CAM_LMV,,,,,"Each learning material item (LMI) may have many versions which may have a status of available, unavailable, planned or withdrawn. Different version numbers may differ slightly in volume, weight etc."
CAMS,LOA,LOA,Learning Outcome Category,Y,10.5,100500,31/Aug/2022,,CAM_,Y,S,N,,   595,,,CAM_LOA,N,C,CAM03,NOTMST,,CAM_LOA,,,,,The Learning Outcome Category record can be used to record the categories available for use within Learning Outcomes (in particular on the Learning Outcome Link Element (LOE) record).
CAMS,LOC,LOC,Learning Outcome Contribution,Y,9.4.0,090400,07/Dec/2016,,CAM_,Y,D,N,,   765,,,CAM_LOC,N,C,CAM03,NOTMST,,CAM_LOC,,,,,"The Learning Outcome Contribution record is used to specify which items (e.g. assessments, modules, etc.) contribute towards meeting a specified learning outcome. It is attached to the Learning Outcome Link record so that items contribute to learning outcomes that are attached to parent records - for example you could specify that a particular assessment item contributes towards a module learning outcome or a pathway learning outcome."
CAMS,LOE,LOE,Learning Outcome Link Element,Y,10.5,100500,25/Aug/2022,,CAM_,Y,S,N,,   541,,,CAM_LOE,N,C,CAM03,NOTMST,,CAM_LOE,,,,,"The Learning Outcome Link Element record is used to hold additional details when a Learning Outcome Link (LOL) is repeated multiple times for the same linked record (e.g. multiple times for an assessment item), with different category or type information required each time."
CAMS,LOL,LOL,Learning Outcome Link,Y,10.4,100400,15/Mar/2022,,CAM_,Y,D,N,,   739,,,CAM_LOL,N,C,CAM03,NOTMST,,CAM_LOL,,,,,"The Learning Outcome Link is used to attach a particular learning outcome to a record, e.g. to attach a module outcome to a module."
CAMS,LOL1,LOL,Learning Outcome Link,N,9.4.0,090400,21/Mar/2017,,CAM_,,,,,,,,CAM_LOL,N,,CAM03,,,,,,,,
CAMS,LOT,LOT,Learning Outcome Type,Y,10.6,100600,21/Sep/2022,,CAM_,Y,S,N,,   598,,,CAM_LOT,N,V,CAM03,NOTMST,,CAM_LOT,,,,,"The Learning Outcome Type allows you to define the types available for use on Learning Outcome (LOC) records. This might include things like Professional Requirements, Employability Skills, Learning Experiences, or just Learning Outcomes themselves."
CAMS,LOU,LOU,Learning Outcome,Y,10.6,100600,21/Sep/2022,,CAM_,N,D,N,,  2044,,,CAM_LOU,N,C,CAM03,NOTMST,,CAM_LOU,,,,,"The Learning Outcome holds the details about a learning outcome, professional requirement, etc."
CAMS,LOU1,LOU,Learning Outcome,N,9.4.0,090400,,,CAM_,,,,,,,,CAM_LOU,N,U,CAM03,,,,,,,,
CAMS,LOV,LOV,Learning Outcome Attainment Level,Y,10.5,100500,31/Aug/2022,,CAM_,Y,S,N,,   577,,,CAM_LOV,N,V,CAM03,NOTMST,,CAM_LOV,,,,,The Learning Outcome Attainment Level allows you to define levels that can be achieved upon completion of a learning outcome.
CAMS,LTL,LTL,Location to location time,Y,3.5.2,030502,01/Jan/1995,,CAM_,Y,,N,,    29,,,CAM_YSVC_L,N,C,,,,,,,,,Defines the travel times between locations which are taken into account by the student scheduler for students who need to attend the teaching events associated with a module which are taking place on different sites.
CAMS,LTY,LTY,Learning Material Type,Y,10.6,100600,21/Sep/2022,,CAM_,Y,,D,     8,   127,,,CAM_LTY,N,V,CAM13,,,CAM_LTY,,,,,"Learning Material Type code. This field is validated by an entry in the Learning Material Type (LTY) table. (12 characters).A disciplined and consistent approach is advised in creating an easily manageable and recognisable number of codes defining the type of learning material e.g. hardware, paper, coursework etc."
CAMS,LVC,LVC,Level Collection,Y,10.6,100600,21/Sep/2022,,CAM_,Y,,N,     4,   122,,,CAM_LVC,N,V,CAM03,,,CAM_LVC,,,,,"Defines the way in which levels can be formed into a collection. These collections may be used in the student programme planning rules and award calculation, confirmation and upgrade rules. Each level should be defined as a collection in itself. The levels making up the collection are defined in the Level Collection Element (LVE) table."
CAMS,LVC1,LVC,Level Collection,N,5.2,050200,16/Jul/2000,,CAM_,,,,,,,,CAM_LVC,N,U,CAM03,,,,,,,,
CAMS,LVE,LVE,Level Collection Element,Y,3.5.2,030502,01/Jan/1995,,CAM_,Y,,N,,    15,,,CAM_YSVC_L,N,C,CAM03,,,,,,,,Defines the individual levels which make up a Level Collection (LVC).
CAMS,MAA,MAA,Module Assignment Administrators,Y,8.7.0,080700,24/Jul/2013,,CAM_,Y,,,,   512,,,CAM_MAA,N,P,CAM16,PRS,?<<MAA_PRSC>>,CAM_MAA,,,,,"This table allows the recording of UOLIA Administrator and Lead College Administrators for an assessment item (for use within certain Assignment Submission screens, restricting who can enter marks and allocate staff). This is in addition to Module Assessment Body (MAB). This table allows an institution to define a list of staff members along with their ""role"", but this is not used during the actual marker allocation processing - it is purely for use in restricting who can do what for an assignment. The Role field on the record is defined by us in terms of the available values (so they can be used in processing), but IFD can be used to override the translations for these values."
CAMS,MAB,MAB,Module Assessment Body,Y,10.6,100600,18/Nov/2022,,CAM_,Y,,N,  1550,   912,    50,,CAM_MAB,N,C,CAM04,,,CAM_MAB,,,,,"Defines the number and content of assessment items which make up an assessment pattern. These are defined by using a code, description of the assessment and the percentage weighting. The sum of all the assessment items must be 100. If assessment groups are being used then the sum of each set of assessment groups must equal 100%. The elements of an assessment pattern define each assessed item for a module. There can be many elements which are not necessarily all taken by the same students. The golden rule is however that each separate collection needs to be identified by an assessment group and must add up to 100% in total e.g. all the Agr A must equal 100 etc."
CAMS,MAB1,MAB,Module Assessment Body,N,3.7,030700,18/Jan/1996,,CAM_,,,,,,,,CAM_MAB,N,U,CAM04,,,,,,,,
CAMS,MAB2,MAB,Module Assessment Body,N,5.2,050200,27/Sep/2000,,CAM_,,,,,,,,CAM_MAB,N,U,CAM04,,,,,,,,
CAMS,MAB3,MAB,Module Assessment Body,N,5.2,050200,27/Sep/2000,,CAM_,,,,,,,,CAM_MAB,N,U,CAM04,,,,,,,,
CAMS,MABD,MABD,Module Assessment Body Details,Y,5.2,050200,24/Oct/2000,5,CAM_,N,,N,    34,    15,,,CAM_MABD,N,C,CAM01,,,CAM_MABD,,,,,
CAMS,MAC,MAC,Mode of Attendance Collection,Y,10.6,100600,21/Sep/2022,,CAM_,Y,,D,    24,   122,,,CAM_MAC,N,V,MEN01,,,CAM_MAC,,,,,This table allows the user to define modes of attendance into collections.Mode of Attendance collection can then be defined on event route and occurrence route selection records to add additional refinement to who goes on which teaching activities. This allows greater freedom to set up occurrences aimed at part-time users only. Each mode of attendance should also be defined as collection of one. 
CAMS,MAD,MAD,Module Assessments Due Dates,Y,10.6,100600,31/Oct/2022,,CAM_,Y,D,G,,   590,,,CAM_YSVC_M,N,C,CAM04,,,CAM_MAD,,,,,"Defines the types of assessments for a module and when these are due. It is currently used for enquiry purposes and generating reports. The default is for these details to be generated automatically when the student assessment records are generated. They can then be altered if required. These are automatically updated when Student Assessment Records are re-generated. System Parameter CAM_XSAS_13, allows the institution to prevent these records from being re-generated as part of any subsequent generation of Student Assessment Records."
CAMS,MAD1,MAD,Module Assessments Due Dates,N,4.3,040300,22/Oct/1998,,CAM_,,,,,,,,CAM_YSVC_M,N,U,,,,,,,,,
CAMS,MAE,MAE,Mode of Attendance Collection Element,Y,4.1,040100,03/Oct/1997,,CAM_,Y,,D,,    15,,,CAM_YSVC_M,N,C,MEN01,,,,,,,,Defines the individual modes of attendance which  make up the Mode of Attendance Collection record.
CAMS,MAG,MAG,Module Assessment Group,Y,8.2.0,080200,19/Aug/2008,,CAM_,Y,,N,,   336,,,CAM_MAG,N,C,CAM04,PRS,,CAM_MAG,,,,,
CAMS,MAG1,MAG,Module Assessment Group,N,7.1.0,070100,30/Oct/2003,,CAM_,,,,,,,,CAM_MAG,,U,CAM04,,,,,,,,
CAMS,MAP,MAP,Module Assessment Pattern,Y,10.6,100600,21/Sep/2022,,CAM_,Y,,N,   782,   696,    50,,CAM_MAP,N,C,CAM04,,,CAM_MAP,,,,,"Used in the assessment process. Each module must reference an assessment pattern which describes both the weighting and methods by which a module is to be assessed e.g. coursework 50% and a 2 hour exam 50%. The Assessment Pattern is further defined by an Assessment Body which defines the number of assessment items which make up an assessment pattern. These are defined using a code, description of the assessment and the percentage weighting. The Assessment Body table can only be accessed via the Module Assessment Pattern table. Once the module assessment pattern has been defined it must be added to the Module (MOD) record. It must also be added the Module Availability (MAV) record. The code used on the module records generically defines how the module is assessed but the module availability table picks up any changes which happen from one academic period to another. If a Module Assessment Pattern changes,the old version must be retained. This is because there may still be students on the module for whom the old assessment pattern is still valid. If any additional results have to be added CAMS will not be able to find all the assessments if, for example, the pattern has changed from 3 to 2 items. The More details on ""Other"" then allows you to exercise control over output and data entry at the module result level. So it controls the order of students on the module result form and the levels of security etc. in the Process module results option within SAS,IAS,LAS or RAS. The fields at the bottom of the screen control the sort order. The box on the left shows the criteria which can be used, the box in the middle is the order (ascending or descending), the box on the right is where the criteria which have been selected appear. The steps to make the selection are: 1 Click on the criteria on the left 2 Click on the order box and then the order required 3 Click on the Select button If the items in the selected box need to be changed: 1 Click on the item to be removed 2 Click on Clear When using the sort order if the first criteria identifies an individual student then no other sort criteria can be used. If you use an attempt number then an additional criteria can be included in the sort i.e. SPR number or name. If the number is used and candidate keys are in operation then the number would use the candidate key rather than the SPR number. You should remember that any controls such as print blind etc. which are applied to the Module assessment body records will continue to apply on the Module result form."
CAMS,MAP1,MAP,Module Assessment Pattern,N,6.1,060100,24/Sep/2001,,CAM_,,,,,,,,CAM_MAP,N,U,CAM04,,,,,,,,
CAMS,MAR,MAR,Matching activity and room type,Y,8.4.1,080401,29/Mar/2011,,CAM_,Y,,D,,    40,,,CAM_YSVC_M,N,C,CAM01,,,CAM_MAR,,,,,"Defines the types of rooms into which an activity may be scheduled by the CAMS Room Scheduler. The minimum size group permissible in the room is also defined. CAMS will attempt to schedule an event into the first room defined in the sequence, but if the group size for the event is below the minimum CAMS will attempt the next room in the sequence. If it is unsuccessful with all the rooms in the sequence an error message will be generated."
CAMS,MAV,MAV,Module Availability,Y,10.3,100300,13/Jul/2021,,CAM_,Y,,N,  4276,   984,,,CAM_YSVC_M,N,C,CAM01,PRS,,CAM_MAV,,,moduleAvailability,Module Availability,"This record makes a module available for study within a particular year/period by defining the location, day, start time and target student number. The module must exist in the Module (MOD) table but until it is made available it cannot be selected, have teaching events generated for it or students scheduled onto it or be included in a module directory/handbook. The combination of the module code, Occ, Year and Period fields form one unique module availability record i.e. the same combination of data cannot be used twice."
CAMS,MAV1,MAV,Module Availability,N,3.7,030700,18/Jan/1996,,CAM_,,,,,,,,CAM_YSVC_M,N,U,CAM04,,,,,,,,
CAMS,MAV2,MAV,Module Availability,N,8.7.1,080701,21/Mar/2014,,CAM_,,,,,,,,CAM_MAV,,,CAM01,,,,,,,,
CAMS,MAVE,MAVE,MAV Activities,Y,8.2.0,080200,19/Aug/2008,,CAM_,Y,,N,,   157,,,CAM_MAVE,N,C,CAM23,PRS,?<<MAVE_PRSC>>,CAM_MAVE,,,,,"This table holds a list of Personnel (PRS) who are performing specific activities attached to a Module Occurrence (MAV). Date ranges can be allocated to each staff member for an activity which can be used to keep track of when that person is performing an activity, and also allows for a simple clash check to be performed when making changes to these records. Each record links a member of staff to an Activity that is performed as part of the module occurrence. This may be, for example, a Class, Field Trip, etc."
CAMS,MAVE1,MAVE,MAV Events Block,N,8.1.1,080101,18/Apr/2008,,CAM_,,,,,,,,CAM_MAVE,,U,CAM23,,,,,,,,
CAMS,MAVICD,MAV,Module Availability,N,8.3.1,080301,18/Mar/2010,,CAM_,,,,,,,,CAM_MAV,N,U,CAM01,,,,,,,,
CAMS,MAVT,MAVT,MAV Things,Y,9.4.0,090400,10/Nov/2016,,CAM_,Y,,N,  4276,   812,,,CAM_YSVC_N,N,C,CAM01,,,CAM_MAVT,,,,,Top level MAVT form
CAMS,MAVT1,MAVT,MAV Things,N,4.3,040300,22/Oct/1998,,CAM_,,,,,,,,CAM_MAVT,N,U,CAM01,,,,,,,,
CAMS,MAVT2,MAVT,MAV Things,N,8.3.1,080301,18/Mar/2010,,CAM_,,,,,,,,CAM_MAVT,N,U,CAM01,,,,,,,,
CAMS,MCA1,MCA,Module Clash Avoid,N,3.8,030800,15/Nov/1996,,CAM_,,,,,,,,CAM_YSVC_M,N,U,,,,,,,,,
CAMS,MCL1,MCL,Module clash list,N,4.3,040300,22/Oct/1998,,CAM_,,,,,,,,CAM_YSVC_M,N,U,,,,,,,,,
CAMS,MCQ,MCQ,Multiple Choice Questionnaire,Y,9.2.0,090200,18/Feb/2016,,CAM_,Y,,,,  1570,,,CAM_MCQ,N,,CAM04,MST,?<<MCQ_MSTC>>,CAM_MCQ,,,,,"The MCQ Entity holds information that is required for marking a multiple choice questionnaire such as what assessment it relates to,what the negative marking factor is and what the correct answers are."
CAMS,MCT,MCT,Module Changes Temp Log,Y,8.4.0,080400,29/Jun/2010,,CAM_,Y,D,G,,   367,,,CAM_MCT,N,S,CAM03,,,CAM_MCT,,,,,Module Changes Temporary Log (MCT) records relate to the filtering of module records for use within the FML Generation Process (GFML).  These records are generated when System Parameter (SYP) CAM_FML_001 = D (Deferred FML generation).
CAMS,MDE,MDE,Module Descriptions,Y,8.1.1,080101,19/Feb/2008,,CAM_,Y,,N,,    55,,,CAM_MDE,N,C,CAM01,,,CAM_MDE,,,,,
CAMS,MDO,MDO,Module Display Order,Y,10.6,100600,21/Sep/2022,,CAM_,Y,S,N,,   160,,,CAM_MDO,N,V,CAM47,NOTMST,,CAM_MDO,,,,,The Module Display Order (MDO) screen is used to group rules that determine the order in which modules are displayed within the basic version of the Module Registration selection screen (SIW_SME_C).
CAMS,MDR,MDR,Module Display Order Rule,Y,10.1,100100,02/Apr/2020,,CAM_,Y,S,N,,    88,,,CAM_MDR,N,V,CAM47,NOTMST,,CAM_MDR,,,,,The Module Display Order Rule (MDR) screen is used to hold the rules that determine the order in which modules will be displayed within the basic version of the Module Registration selection screen (SIW_SME_C).
CAMS,MDS,MDS,Module Description,Y,9.7.0,090700,27/Apr/2018,5,CAM_,N,,N,    48,   630,    50,,CAM_MDS,N,C,CAM01,,,CAM_MDS,,,,,Provides a free text area to add more information about the content of the module. This information is extracted by the Module Directory process so it is important that the data defined is fit for external use.
CAMS,MDS1,MDS,Module Descriptions,N,6.1.2,060102,16/Apr/2002,,CAM_,,,,,,,,CAM_MDS,N,U,CAM01,,,,,,,,
CAMS,MGB,MGB,Module grade bands,Y,10.6,100600,21/Sep/2022,,CAM_,Y,,N,    39,   112,,,CAM_MGB,N,C,CAM04,,,CAM_MGB,,,,,"Used in the assessment process, the module grade band table allows the grouping of similar grades into bands. This is for statistical reporting purposes only in order to accommodate marking schemes other than the standard A,B,CD. The maximum number of grade bands which can be accommodated is 9. The band code used is validate by an entry in the Scheme Grade Band (SGB) table."
CAMS,MGB1,MGB,Module Grade Bands,N,7.1.0,070100,30/Oct/2003,,CAM_,,,,,,,,CAM_MGB,,U,CAM04,,,,,,,,
CAMS,MGC,MGC,Mark & Grade Collection,Y,10.6,100600,21/Sep/2022,,CAM_,Y,,N,,   122,,,CAM_MGC,N,V,CAM04,,,CAM_MGC,,,,,
CAMS,MGE,MGE,Mark & Grade Coll Element,Y,8.7.1,080701,29/Nov/2013,,CAM_,Y,,N,,    19,,,CAM_YSVC_M,N,C,CAM04,,,,,,,,
CAMS,MGM,MGM,Scheduling Group Elements,Y,9.6.0,090600,11/Dec/2017,,CAM_,Y,,N,,    69,,,CAM_YSVC_M,N,C,CAM01,,,CAM_MGM,,,,,This entity displays the Scheduling Group Elements (MGM) records are attached to a Scheduling Unit (MPG) record. These are used in the course of Module Scheduling.
CAMS,MGM1,MGM,Module Group Modules,N,8.3.1,080301,18/Mar/2010,,CAM_,,,,,,,,,N,U,,,,,,,,,
CAMS,MGP,MGP,Module Scheduling units,Y,8.7.1,080701,28/Nov/2013,,CAM_,Y,,N,,   304,,,CAM_YSVC_M,N,C,CAM01,,,CAM_MGP,,,,,This entity displays the Module Scheduling Unit (MGP) records used in the course of Module Scheduling.
CAMS,MGP1,MGP,Module Scheduling units,N,8.7.1,080701,15/Oct/2013,,CAM_,,,,,,,,CAM_MGP,N,,CAM39,,,,,,,,
CAMS,MGP2,MGP,Module Scheduling units,N,8.7.1,080701,15/Oct/2013,,CAM_,,,,,,,,CAM_MGP,N,,CAM39,,,,,,,,
CAMS,MGS,MGS,Module Group Students,Y,8.1.1,080101,01/Jul/2008,,CAM_,Y,,N,,    36,,,CAM_YSVC_M,N,C,,SPR,,,ModuleGroupStudents,ModuleGroupStudent,,,
CAMS,MGV,MGV,Scheduling Group Event,Y,,,11/Jul/2022,,CAM_,Y,D,N,,    45,,,CAM_MGV,N,C,CAM01,,,CAM_MGV,,,,,This is used as a linking table between Scheduling Group Elements (MGM) and the Event (EVE) record to identify which Scheduling Group (MGP) relates to a specific Event record.
CAMS,MHC,MHC,Mark Scaling Scheme Collection,Y,10.6,100600,21/Sep/2022,,CAM_,Y,,N,,   132,,,CAM_MHC,N,V,CAM31,,,CAM_MHC,,,,,
CAMS,MHE,MHE,Mark Scaling Scheme Collection Element,Y,8.2.1,080201,12/Mar/2009,,CAM_,Y,,N,,    35,,,CAM_MHE,N,C,CAM31,,,CAM_MHE,,,,,
CAMS,MIV,MIV,MAV Item Version,Y,8.2.0,080200,17/Jul/2008,,CAM_,Y,,N,,    73,,,CAM_MIV,N,C,CAM13,,,CAM_MIV,,,,,
CAMS,MIV1,MIV,Module item version 1,N,5.2,050200,16/Jul/2000,,CAM_,,,,,,,,CAM_MIV,N,U,CAM13,,,,,,,,
CAMS,MKC,MKC,Mark Conversion,Y,9.2.0,090200,02/Mar/2016,,CAM_,Y,,N,,   547,,,CAM_YSVC_M,N,C,CAM04,,,CAM_MKC,,,,,Defines the marks and/or grades associated with a particular marking scheme. It is extremely important that the grades and results represent exactly what you want to happen to a student during assessment. Check the CAMS Assessment Process Manual for more detail.
CAMS,MKC1,MKC,Mark Scheme Conversion,N,3.7,030700,18/Jan/1996,,CAM_,,,,,,,,CAM_YSVC_M,N,U,,,,,,,,,
CAMS,MKC2,MKC,Mark Convesion,N,3.7,030700,18/Jan/1996,,CAM_,,,,,,,,CAM_YSVC_M,N,U,,,,,,,,,
CAMS,MKC3,MKC,Mark Conversion,N,3.7,030700,18/Jan/1996,,CAM_,,,,,,,,CAM_YSVC_M,N,U,,,,,,,,,
CAMS,MKC4,MKC,Mark Conversion for SMC,N,3.7,030700,18/Jan/1996,,CAM_,,,,,,,,CAM_YSVC_M,N,U,,,,,,,,,
CAMS,MKC5,MKC,Mark Conversion for SPC,N,3.7,030700,18/Jan/1996,,CAM_,,,,,,,,CAM_YSVC_M,N,U,,,,,,,,,
CAMS,MKE,MKE,Marker Elements,Y,8.2.0,080200,20/Aug/2008,,CAM_,Y,,N,,   236,,,CAM_MKE,N,P,CAM01,PRS,<<MKE_PRSC>>,CAM_MKE,,,,,
CAMS,MKE1,MKE,Marker Elements,N,8.2.1,080201,23/Feb/2009,,CAM_,,,,,,,,CAM_MKE,,U,CAM01,,,,,,,,
CAMS,MKR,MKR,Marker,Y,10.5,100500,24/May/2022,,CAM_,Y,,N,,   771,,,CAM_MKR,N,P,CAM01,PRS,<<MKR_PRSC>>,CAM_MKR,,,marker,Marker,This entity defines which personnel have been contracted to mark a given exam paper and division. The records are used when assigning markers to sections of an exam paper.
CAMS,MKR1,MKR,Marker,N,4.3,040300,22/Oct/1998,,CAM_,,,,,,,,CAM_MKR,N,U,CAM01,,,,,,,,
CAMS,MKS,MKS,Mark Scheme,Y,10.6,100600,31/Oct/2022,,CAM_,Y,,N,    16,   596,,,CAM_MKS,N,C,CAM04,,,CAM_MKS,,,,,Defines the marking scheme used in CAMS. An institution can have any number of marking schemes. The marking scheme is then defined in the Module Assessment Pattern.  The ranges of marks/grades which make up a marking scheme are defined in detail in the Mark Conversion Scheme (MKC) table which can only be accessed via the Mark Scheme table.  Separate marking schemes may also be required to deal with exemptions.
CAMS,MKS1,MKS,Mark Scheme for assessment,N,3.7,030700,18/Jan/1996,,CAM_,,,,,,,,CAM_MKS,N,U,CAM04,,,,,,,,
CAMS,MKS2,MKS,Marking scheme for assessment and re-assessment,N,3.7,030700,18/Jan/1996,,CAM_,,,,,,,,CAM_MKS,N,U,CAM04,,,,,,,,
CAMS,MKS3,MKS,Marking Scheme for re-assessment and award credit,N,3.7,030700,18/Jan/1996,,CAM_,,,,,,,,CAM_MKS,N,U,CAM04,,,,,,,,
CAMS,MKS4,MKS,Marking Scheme for module credit,N,3.7,030700,18/Jan/1996,,CAM_,,,,,,,,CAM_MKS,N,U,CAM04,,,,,,,,
CAMS,MKS5,MKS,Mark scheme for pathway credits,N,3.7,030700,18/Jan/1996,,CAM_,,,,,,,,CAM_MKS,N,U,CAM04,,,,,,,,
CAMS,MKS6,MKS,Mark Scheme for SAQE,N,8.2.1,080201,23/Feb/2009,,CAM_,,,,,,,,CAM_MKS,,U,CAM04,,,,,,,,
CAMS,MKS7,MKS,Mark Scheme for SRQE,N,8.2.1,080201,23/Feb/2009,,CAM_,,,,,,,,CAM_MKS,,U,CAM04,,,,,,,,
CAMS,MKS8,MKS,Mark Scheme for SRG,N,8.2.1,080201,23/Feb/2009,,CAM_,,,,,,,,CAM_MKS,,U,CAM04,,,,,,,,
CAMS,MKW,MKW,Module Keyword,Y,5.1,050100,20/Jul/1999,,CAM_,Y,,N,,  1656,,,CAM_MKW,N,C,MAS03,,,CAM_MKW,,,,,
CAMS,MLM,MLM,MAV Learning Material,Y,8.2.0,080200,17/Jul/2008,,CAM_,Y,,N,    11,    54,,,CAM_MLM,N,C,CAM13,,,CAM_MLM,,,,,Learning material on the Module Availability (MAV) record. This is where the user attaches the learning material sets to the modules available in a particular period.
CAMS,MLM1,MLM,MAV Learning Material,N,4.1,040100,03/Oct/1997,,CAM_,,,,,,,,CAM_MLM,N,U,CAM13,,,,,,,,
CAMS,MMB,MMB,Module Module Rule Body,Y,8.7.0,080700,07/Aug/2013,,CAM_,Y,,N,,   114,,,CAM_YSVC_M,N,C,CAM01,,,CAM_MMB,,,,,Defines the individual parts of a module module rule and displays an English translation of the rule.
CAMS,MMB1,MMB,Module Module Rule Body,N,8.7.0,080700,07/Aug/2013,,CAM_,Y,,N,,   114,,,CAM_YSVC_M,N,C,CAM01,,,,,,,,Defines the individual parts of a module module rule and displays an English translation of the rule.
CAMS,MMR,MMR,Module Module Rule,Y,8.4.0,080400,22/Apr/2010,,CAM_,Y,,N,,  2401,,,CAM_YSVC_M,N,C,CAM01,,,CAM_MMR,,,,,A module module rule record identifies that there are rules which govern the taking of a module. The rules are then defined in the Rule Body (MMB).
CAMS,MMR1,MMR,Module Module Rule,N,8.1.1,080101,18/Apr/2008,,CAM_,,,,,,,,CAM_MMR,,U,CAM01,,,,,,,,
CAMS,MMX,MMX,Mark to Mark Conversion,Y,10.6,100600,21/Sep/2022,,CAM_,Y,,N,,   121,,,CAM_MMX,N,V,CAM04,,,CAM_MMX,,,,,This table defines the exchange value to convert the mark to for the purpose of calculating the classification for an award. Marks lying within the min and max boundaries are given the exchange mark for awards. 
CAMS,MOA,MOA,Mode of Attendance,Y,10.6,100600,21/Sep/2022,,INS_,Y,,D,    21,   632,,,CAM_MOA,N,C,MEN01,,,SRS_MOA,,,,,Defines the mode of attendance codes used in the collection of national statistics. Refer to the latest published guidance for a list of currently accepted values.  
CAMS,MOC,MOC,Module Occurrence,Y,10.0,100000,30/Sep/2019,,CAM_,Y,S,N,,   695,,,CAM_YSVC_M,N,V,TED01,NOTMST,,,,,,,This entity is used to validate the Module Occurence value on a Module Availabilty (MAV) record. It is only used by the Tribal Edge application.
CAMS,MOD,MOD,Module,Y,10.2,100200,04/Jan/2021,5,INS_,N,,N,  1742,   936,    50,,CAM_YSVC_M,N,C,CAM01,NOTMST,,CAM_MOD,,,module,module,Defines general information about modules and their teaching activities. A more detailed description can also be entered in the Module Description table.
CAMS,MOD1,MOD,Module Table,N,3.7,030700,18/Jan/1996,,INS_,,,,,,,,CAM_YSVC_M,N,U,,,,,,,,,
CAMS,MOD2,MOD,Module Table,N,3.7,030700,18/Jan/1996,,INS_,,,,,,,,CAM_YSVC_M,N,U,,,,,,,,,
CAMS,MOD3,MOD,Module Table,N,8.3.1,080301,18/Mar/2010,,INS_,,,,,,,,CAM_MOD,N,U,CAM01,,,,,,,,
CAMS,MODA,MOD,Module Tables,N,3.7,030700,18/Jan/1996,,INS_,,,,,,,,CAM_YSVC_M,N,U,,,,,,,,,
CAMS,MOT,MOT,Module Type,Y,10.6,100600,21/Sep/2022,,CAM_,Y,,D,    12,   138,,,CAM_MOT,N,C,CAM01,,,CAM_MOT,,,,,"Defines the variety of modes of study available for a module, their value in staff contact hours and the optimum class size."
CAMS,MQD,MQD,Module Assessment Question Due Date,Y,8.7.0,080700,02/Aug/2013,,CAM_,Y,S,N,,   720,,,CAM_MQD,N,C,CAM04,,,CAM_MQD,,,,,The Module Assessment Question Due Date (MQD) record is used to hold the current due date information for a particular assessment/re-assessment question.  Module Assessment Question Due Date (MQD) records are created/updated for both assessments and re-assessments via SAS options 1a (and SAS 1b where SYP CAM_XSAS_13 permits).
CAMS,MQD1,MQD,Module Assessment Question Due Date,N,8.6.0,080600,20/Sep/2012,,CAM_,,,,,,,,CAM_MQD,,U,CAM04,,,,,,,,
CAMS,MRL,MRL,Module Reading List,Y,8.6.0,080600,17/Aug/2012,,CAM_,Y,,N,     3,  2488,,,CAM_MRL,N,C,CAM01,,,CAM_MRL,,,,,"This table allows the reading list for a module to be recorded. You can assign different kinds of reading matter e.g. compulsory text, recommended etc."
CAMS,MRL1,MRL,Module Reading List,N,3.7,030700,18/Jan/1996,,CAM_,,,,,,,,CAM_MRL,N,U,CAM01,,,,,,,,
CAMS,MRP,MRP,Module Result Pattern,Y,10.6,100600,21/Sep/2022,,CAM_,Y,,N,,   121,,,CAM_YSVC_M,N,V,,,,,,,,,
CAMS,MRP1,MRP,Module Result Pattern Table,N,8.3.1,080301,18/Mar/2010,,CAM_,,,,,,,,,,U,,,,,,,,,
CAMS,MSD,MSD,Module Subject & Department,Y,9.7.0,090700,30/Aug/2018,,CAM_,Y,,N,,   533,,,CAM_MSD,N,C,CAM01,,,CAM_MSD,,,,,
CAMS,MSD1,MSD,Module Subject & Department,N,8.3.1,080301,18/Mar/2010,,CAM_,,,,,,,,CAM_MSD,N,U,CAM01,,,,,,,,
CAMS,MSE,MSE,Module Scheduling Elements,Y,8.1.1,080101,01/Jul/2008,,CAM_,Y,,N,,    41,,,CAM_YSVC_M,N,C,,,,,,,,,
CAMS,MSF,MSF,Module Selection Form,Y,8.2.0,080200,19/Aug/2008,,CAM_,Y,,G,,    78,,,CAM_YSVC_M,N,P,,SPR,<<SPR_CODE>>,,ModuleSelectionForms,ModuleSelectionForm,,,
CAMS,MSH,MSH,Mark Scaling Scheme,Y,10.6,100600,21/Sep/2022,,CAM_,Y,,N,,  1149,,,CAM_MSH,N,C,CAM31,,,CAM_MSH,,,,,
CAMS,MSL1,MSL,Module in Slot,N,4.3,040300,22/Oct/1998,,CAM_,,,,,,,,CAM_MSL,N,U,CAM08,,,,,,,,
CAMS,MSP,MSP,Scheduling Profile,Y,10.6,100600,21/Sep/2022,,CAM_,Y,,N,,   159,,,CAM_YSVC_M,N,C,CAM01,,,CAM_MSP,,,,,The Scheduling Profile (MSP) record is created by the WASP exam scheduling process when exam scheduling is set to use MGP/MGM data. This scheduling mode can be enabled using system parameter CAM08_04.
CAMS,MSR,MSR,Mark Scaling Record,Y,8.7.1,080701,29/Nov/2013,,CAM_,Y,,N,,    53,,,CAM_MSR,N,C,CAM31,,,CAM_MSR,,,,,
CAMS,MSS,MSS,Mark Scheme Signal,Y,10.6,100600,25/Oct/2022,,CAM_,Y,,D,    10,   528,,,CAM_MSS,N,C,CAM01,,,CAM_MSS,,,,,"Defines signals which are alphabetic coded messages that are sent by individual pieces of assessment that produce an outcome at the calculate module result stage of SAS,IAS,LAS, and RAS. The outcome is determined by the way you have specified the mark scheme table. This is the key bit that provides you with greater control. The number of implicit assumptions in the code have been removed. There are three levels of signals in their order of rank that can be set up in the signal status field: S Signals generated by the user which are the highest level Q Qualified signals only generated by CAMS when an assessment mark is less than the qualifying mark defined on the module assessment element N No signals The MSS table is used when the signal status in (MKS>MKC) is set to ""S"". The Mark Scheme Signal table is really a system table which should be modified with care. It is also best to keep the number for signals to a minimum to avoid confusion at the calculate stage."
CAMS,MTC,MTC,Module Type Collection,Y,10.6,100600,21/Sep/2022,,CAM_,Y,,D,    15,   122,,,CAM_MTC,N,V,CAM03,,,CAM_MTC,,,,,"Defines the way in which module types can be formed into a collection and used in student programme planning rules. The individual module types which make up the collection are further defined in the Module Type Element (MTE) table. CAMS automatically produces a module type collection for each module type added to the system. The collection has the same name and contains only one element, namely the module type."
CAMS,MTC1,MTC,Module Type Collection Table,N,4.3,040300,22/Oct/1998,,CAM_,,,,,,,,CAM_MTC,N,U,CAM03,,,,,,,,
CAMS,MTE,MTE,Module Type Element,Y,3.5.2,030502,01/Jan/1995,,CAM_,Y,,D,,    12,,,CAM_YSVC_M,N,C,CAM03,,,,,,,,Defines the individual elements which make up a Module Type Collection (MTC) record.
CAMS,MTE1,MTE,Module Type Collection Element,N,4.3,040300,22/Oct/1998,,CAM_,,,,,,,,CAM_YSVC_M,N,U,,,,,,,,,
CAMS,MTP,MTP,Module Teaching Pattern,Y,8.2.0,080200,17/Jul/2008,,CAM_,Y,,N,,    86,,,CAM_MTP,N,C,CAM01,,,CAM_MTP,,,,,
CAMS,MTP1,MTP,Module Teaching Pattern,N,8.1.1,080101,18/Apr/2008,,CAM_,,,,,,,,CAM_MTP,,U,CAM01,,,,,,,,
CAMS,MTV,MTV,MST Timetable Values,Y,8.1.1,080101,10/Jun/2008,,CAM_,Y,,N,,    65,,,CAM_MTV,N,C,CAM02,MST,<<MTV_MSTC>>,CAM_MTV,MSTTimetableValuess,MSTTimetableValues,,,"This table defines the specific details of an individual user's timetable, held as a variation on the Timetable Translation Group (TTG) record."
CAMS,MVN,MVN,MAV Name,Y,10.6,100600,21/Sep/2022,,CAM_,Y,S,N,,   106,,,CAM_MVN,N,S,CAM01,NOTMST,,CAM_MVN,,,,,The MAV Occurrence Name entity is used to hold translations (the name) for what a particular MAV Occurrence value represents.
CAMS,MVP,MVP,MAV Programme Target,Y,10.3,100300,28/Jul/2021,,CAM_,Y,D,N,,    80,,,CAM_MVP,N,C,CAM01,NOTMST,,CAM_MVP,,,,,"The MAV Programme Target entity is used to restrict the number of students with a particular profile (based on Programme, Level, and Mode of Attendance) who can take a particular occurrence of a module. It also records the current number of students on the module against those criteria. The information recorded on this record is associated with the equivalent information on the parent module occurrence record (MAV), which still controls the overall totals. The totals on the MVP records should add up, overall, to the values on the parent module occurrence record."
CAMS,MVP1,MVP,MAV Programme Target,N,10.3,100300,01/Sep/2021,,CAM_,,,,,,,,CAM_MVP,,,CAM01,,,,,,,,
CAMS,MVR,MVR,Mod Availability Register,Y,8.3.1,080301,22/Mar/2010,,CAM_,Y,,N,,   139,,,CAM_MVR,N,C,CAM30,USR,?<<MVR_USR1>>,CAM_MVR,,,,,This table allows absence information to be recorded against Module Availably for a specific date.
CAMS,MVS,MVS,MAV description,Y,9.1.0,090100,09/Jul/2015,,CAM_,N,,N,,   522,,,CAM_MVS,N,C,CAM01,,,CAM_MVS,,,,,This entity provides a free text area to add more information about the content of the module availability record.
CAMS,MVS1,MVS,MAV Descriptions - if changes are made, please als,N,8.8.0,080800,24/Sep/2014,,CAM_,,,,,,,,CAM_MVS,,,CAM01,,,,,,,
CAMS,MXV,MXV,Mark Mark Exchange Value,Y,6.1.1,060101,07/Dec/2001,,CAM_,Y,,N,,    39,,,CAM_MXV,N,C,CAM04,,,CAM_MXV,,,,,
CAMS,NTT,NTT,Note Type,Y,9.2.0,090200,03/Mar/2016,,CAM_,Y,,D,     2,   141,,,CAM_NTT,N,V,CAM04,,,CAM_NTT,,,,,"ANT//NTT Assessment Note Type. Referenced on the SMM table (SMR Minute); the SAN Table (Student Assessment Note) and the SRRN table (Student Reassessment Note). Used to describe different types of notes which may be associated with the student's assessment on/within a module - for example, where a student has a medical condition or is giving cause for concern."
CAMS,NVP,NVP,New Validate Programme Results,Y,7.2.1,070201,21/Mar/2005,1,CAM_,Y,,T,,  2006,    50,,CAM_YSVC_N,N,I,,,,,,,,,
CAMS,OAT1,OAT,Occurrence Anchor Time,N,4.3,040300,22/Oct/1998,,CAM_,,,,,,,,CAM_YSVC_O,N,U,,,,,,,,,
CAMS,OAV,OAV,Topic Option Availability,Y,9.4.0,090400,15/Nov/2016,,CAM_,Y,,N,,   109,,,CAM_YSVC_O,N,C,CAM01,PRS,,,,,,,"Makes a topic option available for study within a particular year/period by defining the location, day, start time and target student number. The topic option must exist in the Topic Option table. All details for the Topic Option Availability record are generated automatically for compulsory topic options when the students are assigned to them. Each field must however be defined for each non-compulsory topic option record. The combination of the topic option code, Occ, Year and Period fields form one unique topic option availability record i.e. the same combination of data cannot be used twice."
CAMS,OAV1,OAV,Option Availability,N,3.7,030700,18/Jan/1996,,CAM_,,,,,,,,CAM_YSVC_O,N,U,,,,,,,,,
CAMS,OCA,OCA,Outcome Consequence Action,Y,9.3.0,090300,27/Jun/2016,,CAM_,Y,,,,   534,,,CAM_OCA,N,,CAM46,,,CAM_OCA,,,,,
CAMS,OCO,OCO,Outcome Consequence,Y,10.6,100600,21/Sep/2022,,CAM_,Y,,,,   128,,,CAM_OCO,N,,CAM46,,,CAM_OCO,,,,,This entity defines consequences of outcomes from academic standing
CAMS,OPS,OPS,Option Statistics,Y,8.1.1,080101,01/Jul/2008,,CAM_,Y,,G,,    66,,,CAM_YSVC_O,N,S,,,,,,,,,"The topic option defines the topics which make up the topic. Where there is only one topic option defined, then the topic option is compulsory. Where there is more than one topic option defined for a topic the student can choose a maximum of one."
CAMS,OPS1,OPS,Option Statistics,N,4.3,040300,22/Oct/1998,,CAM_,,,,,,,,CAM_YSVC_O,N,U,,,,,,,,,
CAMS,OPT,OPT,Topic Option,Y,10.6,100600,21/Sep/2022,,CAM_,Y,,N,,   160,,,CAM_YSVC_O,N,C,CAM06,,,,,,,,"The topic option defines the topics which make up the topic. Where there is only one topic option defined, then the topic option is compulsory. Where there is more than one topic option defined for a topic the student can choose a maximum of one."
CAMS,ORS,ORS,Occurrence Route Selection,Y,8.6.1,080601,08/Feb/2013,,CAM_,Y,,N,,    70,,,CAM_YSVC_O,N,C,CAM02,,,CAM_ORS,,,,,Use to limit a student's access to a specific module occurrence according to their Level/Programme/Route.  For example it is possible to direct students onto a specific route or conversely prevent students on a particular route taking a particular occurrence of module. This may be useful where students with different modes of attendance who are studying the same module need to be kept separate. Where there are module occurrence route selection records which give conflicting directions the record with a <Y> flag takes precedence.
CAMS,ORS1,ORS,Occurrence Route Selection,N,4.3,040300,22/Oct/1998,,CAM_,,,,,,,,CAM_YSVC_O,N,U,,,,,,,,,
CAMS,OTC,OTC,Outcome Collection,Y,10.6,100600,21/Sep/2022,,CAM_,Y,,,,   128,,,CAM_OTC,N,,CAM46,,,CAM_OTC,,,,,"Defines the way in which OUT codes can be formed into a collection and used in academic standing. The individual OUT codes which make up the collection are further defined in the OUT Collection Element (OTE) table. CAMS automatically produces a OUT collection for each OUT record added to the system. The collection has the same name and contains only one element, namely the OUT code."
CAMS,OTE,OTE,OUT Collection Element,Y,9.3.0,090300,05/Jul/2016,,CAM_,Y,,,,    28,,,CAM_OTE,N,,CAM46,,,CAM_OTE,,,,,Defines the individual elements which make up a OUT Collection (OTC) record.
CAMS,OUT,OUT,Academic Standing Outcome,Y,10.6,100600,21/Sep/2022,,CAM_,Y,,,,   613,,,CAM_OUT,N,,CAM46,,,CAM_OUT,,,,,This entity defines the outcomes available in academic standing
CAMS,OUT1,OUT,Academic Standing Outcome,N,9.3.0,090300,01/Jul/2016,,CAM_,,,,,,,,CAM_OUT,N,,CAM04,,,,,,,,This entity defines the outcomes available in academic standing
CAMS,OUT2,OUT,Academic Standing Outcome,N,9.3.0,090300,01/Jul/2016,,CAM_,,,,,,,,CAM_OUT,N,,CAM04,,,,,,,,This entity defines the outcomes available in academic standing
CAMS,OUT3,OUT,Academic Standing Outcome,N,9.3.0,090300,01/Jul/2016,,CAM_,,,,,,,,CAM_OUT,N,,CAM04,,,,,,,,This entity defines the outcomes available in academic standing
CAMS,OVC,OVC,Override Calculation,Y,10.6,100600,21/Sep/2022,,CAM_,Y,S,N,,   148,,,CAM_OVC,N,C,CAM47,,,CAM_OVC,,,,,The Override Calculation holds the details about the Override Calculation rule.
CAMS,OVL,OVL,Override Calculation Link,Y,10.0,100000,05/Mar/2020,,CAM_,Y,S,N,,    59,,,CAM_OVL,N,C,CAM47,,,CAM_OVL,,,,,The Override Calculation Link contains the link between the Override Calculation (OVC) and its associated rules.
CAMS,OVR,OVR,Override Calculation Rule,Y,10.1,100100,14/Jul/2020,,CAM_,Y,S,N,,    73,,,CAM_OVR,N,C,CAM47,,,CAM_OVR,,,,,The Override Calculation Rule holds the information about the rule override.
CAMS,PAG,PAG,Programme Approval Group,Y,10.6,100600,21/Sep/2022,,CAM_,Y,S,N,,   858,,,CAM_PAG,N,C,CAM43,,,CAM_PAG,,,,,The Programme Approval Group provides a method of controlling access to Programme Approval.
CAMS,PAR,PAR,Programme Area,Y,10.6,100600,21/Sep/2022,,INS_,Y,,D,     6,   128,,,CAM_PAR,N,V,MEN01,,,CAM_PAR,,,,,Defines different programme areas which can be used for external reporting and analysis.  The codes used may also be required by other administrative systems it is essential therefore that there is universal agreement on the structure and definition of each code.
CAMS,PAW,PAW,Programme Award,Y,9.7.0,090700,11/Apr/2018,,CAM_,Y,,N,,   496,,,CAM_YSVC_P,N,C,CAM01,,,CAM_PAW,,,,,Lists the awards which can be obtained for a defined Programme (PRG).
CAMS,PBR,PBR,Pathway type for building route,Y,3.5.2,030502,01/Jan/1995,,CAM_,Y,,N,,    16,,,CAM_YSVC_P,N,C,CAM01,,,,,,,,Defines the format of routes and the valid pathway types which can be used to build routes automatically. For example a pathway type such as major can be built into a valid route with one other pathway type - Minor.
CAMS,PCB,PCB,Award Pathway Confirmation Rule Body,Y,8.7.1,080701,06/Dec/2013,,CAM_,Y,,N,,    82,,,CAM_YSVC_P,N,C,CAM04,,,CAM_PCB,,,,,Defines the individual elements which make up a Pathway Confirmation Rule (PCR).
CAMS,PCQ,PCQ,Programme Consequence,Y,7.3.1,070301,11/Jan/2006,,CAM_,Y,,N,,    22,,,CAM_PCQ,N,C,CAM14,,,CAM_PCQ,,,,,
CAMS,PCR,PCR,Award Pathway Confirmation Rule,Y,7.1.0,070100,01/Sep/2003,,CAM_,Y,,N,,    98,,,CAM_YSVC_P,N,C,CAM04,,,CAM_PCR,,,,,Defines the method of calculation for a confirmation type rule to be applied to a pathway. Confirmation rules are optional rules which apply additional conditions which must be satisfied for an award classification to be confirmed e.g. must have obtained a minimum of 70 marks for a dissertation type module. The confirmation rule is applied during the award calculation process. Award classifications which are not confirmed are downgraded by one class. The elements of the rule are defined in the Award Pathway Confirmation Rule Element (PCB).
CAMS,PCRT,PCRT,Award Pathway Confirmation Rule Translation,Y,8.1.0,080100,10/Jul/2007,,CAM_,N,,N,,    24,,,CAM_YSVC_P,N,C,CAM24,,,,,,,,
CAMS,PDC,PDC,Prescribed Diet Collection,Y,10.6,100600,21/Sep/2022,,CAM_,Y,,N,,   147,,,CAM_PDC,N,V,CAM01,,,CAM_PDC,,,,,
CAMS,PDE,PDE,Prescribed diet collection elements,Y,7.4.0,070400,17/May/2006,,CAM_,Y,,N,,    67,,,CAM_PDE,N,C,CAM01,,,CAM_PDE,,,,,
CAMS,PDI,PDI,Prescribed Diet Rule Inc.,Y,8.4.1,080401,29/Oct/2010,,CAM_,Y,,N,,   106,,,CAM_PDI,N,C,CAM02,NOTMST,,CAM_PDI,,,,,"The Prescribed Diet Rule Inclusion (PDI) table is used to specify which diets, diet elements and periods should be included within a diet rule. When processed during submission, these records will be grouped by Type and selections matched against each one. Matching records will then be summed (e.g. credits counted) and compared against the Rule Value (PDV) record to see if that particular rule is passed."
CAMS,PDL,PDL,Prescribed Diet Selection Module List,Y,8.8.0,080800,04/Jun/2014,,CAM_,Y,,N,,    65,,,CAM_PDL,N,C,CAM02,,,CAM_PDL,,,,,A list of modules assigned to a standard programme (PDS). Modules must be associated with a particular PDM.  Available via the PDS other menu.
CAMS,PDM,PDM,Pathway Diet Module,Y,10.4,100400,03/Dec/2021,,CAM_,N,,N,,   804,,,CAM_PDM1,N,C,CAM02,,,CAM_PDM,,,,,
CAMS,PDM1,PDM,Pathway Diet Module,N,4.3,040300,22/Oct/1998,,CAM_,,,,,,,,CAM_PDM1,N,U,CAM01,,,,,,,,
CAMS,PDR,PDR,Prescribed Diet Rule,Y,10.6,100600,21/Sep/2022,,CAM_,Y,,N,,   618,,,CAM_PDR,N,V,CAM02,NOTMST,,CAM_PDR,,,,,"The Prescribed Diet Rule table is used to associate rule sets with a Diet (PDT). These rule sets allow an additional level of diet rule to be created which allows for rules between different diets and/or diet elements, and allows for credit limits to be defined per period."
CAMS,PDS,PDS,Prescribed Diet Selection,Y,10.6,100600,21/Sep/2022,,CAM_,N,,N,,   609,,,CAM_PDS,N,C,CAM02,,,CAM_PDS,,,,,Defines a prescribed diet selection for a related diet (DMD). Modules can be assigned to the diet selection via the associated prescribed diet selection module list (PDL) records.
CAMS,PDT,PDT,Pathway Diets,Y,10.5,100500,15/Aug/2022,,CAM_,N,,N,,   791,,,CAM_PDT,N,C,CAM02,,,CAM_PDT,,,,,This is used as a header in the creation of a diet of modules.
CAMS,PDT1,PDT,Pathway Diets,N,4.3,040300,22/Oct/1998,,CAM_,,,,,,,,CAM_PDT,N,U,CAM02,,,,,,,,
CAMS,PDTT,PDTT,Pathway Diets Translaton,Y,8.1.0,080100,10/Jul/2007,,CAM_,N,,N,,    32,,,CAM_YSVC_P,N,C,CAM24,,,,,,,,
CAMS,PDV,PDV,Prescribed Diet Rule Val.,Y,10.6,100600,21/Sep/2022,,CAM_,Y,,N,,   308,,,CAM_PDV,N,C,CAM02,NOTMST,,CAM_PDV,,,,,"The Prescribed Diet Rule Value (PDV) table is used to specify the minimum and maximum values to check for a particular set of inclusions as part of a Diet Rule, along with specifying when and how the rule element should be applied."
CAMS,PDV1,PDV,Prescribed Diet Rule Val.,N,10.1,100100,07/Sep/2020,,CAM_,,,,,,,,CAM_PDV,,,CAM02,,,,,,,,
CAMS,PDY,PDY,Prescribed Diet Category,Y,10.5,100500,22/Aug/2022,,CAM_,Y,,N,,   582,,,CAM_PDY,N,S,CAM02,,,CAM_PDY,,,,,"The Prescribed Diet Category (PDY) entity is used to define a category for a Diet Element (PDM1) record, for example, Core Modules, and specify the order of importance using the Rank field."
CAMS,PDY1,PDY,Prescribed Diet Element Category,N,10.6,100600,15/Feb/2023,,CAM_,,,,,,,,CAM_PDY,,,CAM02,,,,,,,,
CAMS,PES,PES,Pathway Enrolment Snapshot,Y,9.4.0,090400,15/Nov/2016,,CAM_,Y,D,G,  1314,   525,,,CAM_YSVC_P,N,P,CAM05,SPR,<<PES_SPRC>>,CAM_PES,PathwayEnrolmentSnapshots,PathwayEnrolmentSnapshot,,,This screen allows you to look at the snapshot records which have been extracted by the Generate Pathway Statistics (GPS) function.There are also Current and All options on the menu bar from which you can generate and print or just generate standard letters which have been defined in the Standard Letter (SRL) facility.The Current option only produces a letter for the student currently selected whether it is part of a larger retrieved list of records or not.The All option will generate a letter for each of the students retrieved.You should refer to the MENSYS Process and Reference manuals for more guidance on this. The record is longer than the screen. You can use the cursor keys to scroll up and down the total record.The top three lines of the screen always remain in view as a reminder of the student snapshot being accessed.  The record is divided up as follows:  1) above the line is Student Pathway (SPY) and Student Programme Route (SPR) information; 2) below the up to and including Home postcode is Student (STU) information.
CAMS,PFM,PFM,Pathway Foundation Modules,Y,8.1.1,080101,18/Mar/2008,,CAM_,Y,,N,,    42,,,CAM_YSVC_P,N,C,CAM01,,,CAM_PFM,,,,,Defines modules which are compulsory for a pathway and are also fixed in time i.e. can only be studied in one particular period. This record is then used to generate module selections automatically for those students taking the specified pathway. It used because:  *    it speeds up creation of large volumes of selection record;  *    reduces number of errors associated with mass data entry;  *    reduces risk of students accidentally omitting compulsory modules;  *    data need only be entered in Foundation record once unless there is a change to the pathway.
CAMS,PFM1,PFM,Pathway Foundation Module,N,3.7,030700,18/Jan/1996,,CAM_,,,,,,,,CAM_YSVC_P,N,U,,,,,,,,,
CAMS,PIC,PIC,PIT Collection,Y,10.6,100600,21/Sep/2022,,CAM_,Y,,N,,   128,,,CAM_PIC,N,V,CAM01,,,CAM_PIC,,,,,"Defines the way in which PIT codes can be formed into a collection and used in pathway progression. The individual PIT codes which make up the collection are further defined in the PIT Collection Element (PIT) table. CAMS automatically produces a PIT collection for each PIT record added to the system. The collection has the same name and contains only one element, namely the PIT code."
CAMS,PIE,PIE,PIT Collection Elements,Y,,,24/Sep/2012,,CAM_,Y,,N,,    26,,,CAM_PIE,N,V,CAM01,,,CAM_PIE,,,,,Defines the individual elements which make up a PIT Collection (PIC) record.
CAMS,PIT,PIT,Progress information template,Y,10.6,100600,21/Sep/2022,5,CAM_,Y,,N,    78,  3752,,,CAM_PIT,N,C,CAM01,,,CAM_PIT,,,,,"Maintains Progress Information Template (PIT) data. Progression Information Type (PIT) table defines the progression codes to be applied to students as a result of the progression process. PIT codes are attached to the Matched Progression Method Elements (MPM>MPE) together with one or more Progression Calculation Method (PCM). The purpose of the PIT code is to denote the outcome of passing or failing the set of Progression Calculation Method (PCM) rules. The calculated PIT code is assigned to the Student Progression Information (SPI) record once the initial progression process has run. The agreed PIT code is determined at the Confirmation stage (the original can be retained or altered after the Board's decision). The Edit fields determine whether or not data is editable within the CSP Confirm Progression screen. If the fields are ticked (i.e. set to Y), users may amend field values within the CSP Confirm Progression screen. If the fields are unticked (i.e. set to N), it means that users cannot alter the data manually or via the Global Update facility. The fields are only available on the top level PIT table."
CAMS,PIT1,PIT,CAMS progress information template,N,4.3,040300,14/Jan/1999,,CAM_,N,,,,,,,CAM_PIT,N,U,CAM01,,,,,,,,
CAMS,PIT2,PIT,CAMS progress information template,N,4.3,040300,14/Jan/1999,,CAM_,N,,,,,,,CAM_PIT,N,U,CAM01,,,,,,,,
CAMS,PKH,PKH,Pick List Header,Y,8.7.1,080701,02/Jan/2014,,CAM_,Y,D,N,,  2278,,,CAM_PKH,N,S,CAM34,MST,?<<PKH_MSTC>>,CAM_PKH,,,,,
CAMS,PKI,PKI,Pick List Interception,Y,8.4.1,080401,14/Mar/2011,,CAM_,N,S,N,,   294,,,CAM_PKI,N,V,CAM34,NOTMST,,CAM_PKI,,,,,"Pick List Interception records are used to omit, block, or report upon the creation of Pick List Header (PKH) records when certain conditions are met."
CAMS,PKL,PKL,Pick List Line,Y,8.4.1,080401,28/Sep/2010,,CAM_,Y,D,N,,  1122,,,CAM_PKL,N,S,CAM34,,,CAM_PKL,,,,,
CAMS,PMB,PMB,Pathway Module Rule Element,Y,8.4.0,080400,07/Jul/2010,,CAM_,Y,,N,,    83,,,CAM_PMB,N,C,CAM01,,,CAM_PMB,,,,,Defines the individual elements which make up a Pathway Module Rule (PMR) by identifying the modules required.
CAMS,PMD,PMD,Pathway Module,Y,8.2.0,080200,17/Jul/2008,,CAM_,Y,,N,,   543,,,CAM_YSVC_P,N,C,CAM01,,,CAM_PMD,,,,,Defines the relationship of a module to a pathway. This table is used when checking the "legality" of a student's selections in relation to their chosen programme of study.
CAMS,PMD1,PMD,Pathway Module,N,3.7,030700,18/Jan/1996,,CAM_,,,,,,,,CAM_YSVC_P,N,U,,,,,,,,,
CAMS,PME,PME,Program Manager Enrolment,Y,8.2.0,080200,05/Aug/2008,5,CAM_,N,,N,    84,   138,,,CAM_YSVC_P,N,P,SV401,SCJ,<<PME_SCJC>>,CAM_PME,ProgramManagerEnrolments,ProgramManagerEnrolment,,,
CAMS,PMP,PMP,Preferred Modules Properties,Y,8.1.0,080100,16/Jul/2007,,CAM_,Y,,N,,    49,,,CAM_YSVC_P,N,C,,,,,,,,,
CAMS,PMR,PMR,Pathway Modules Rule,Y,8.5.0,080500,02/Sep/2011,,CAM_,Y,,N,,    93,,,CAM_PMR,N,C,CAM01,,,CAM_PMR,,,,,A pathway module rule record identifies that there rules which govern which modules can be taken on that pathway. The elements which make up the collection of information are defined in the Pathway Module Rule Elements (PME).
CAMS,PMRT,PMRT,Pathway Modules Rule Translation,Y,8.1.0,080100,10/Jul/2007,,CAM_,N,,N,,    24,,,CAM_YSVC_P,N,C,CAM24,,,,,,,,
CAMS,PMU,PMU,Programme Manager User,Y,10.3,100300,14/Jul/2021,,CAM_,Y,,N,,  2975,    50,,CAM_YSVC_P,N,C,CAM11,USR,,CAM_PMU,ProgrammeManagerUsers,ProgrammeManagerUser,,,
CAMS,PMU1,PMU,Programme Manager User,N,4.3,040300,02/Dec/1998,,CAM_,,,,,,,,CAM_YSVC_P,N,U,,,,,,,,,
CAMS,PMU2,PMU,Programme Manager User,N,5.2,050200,01/Dec/2000,,CAM_,,,,,,,,CAM_YSVC_P,N,U,,,,,,,,,
CAMS,PMU3,PMU,Programme Manager User,N,8.3.1,080301,18/Mar/2010,,CAM_,,,,,,,,CAM_PMU,N,U,CAM11,,,,,,,,
CAMS,PMUN,PMUN,PMU Notes,Y,7.2.1,070201,21/Mar/2005,5,CAM_,Y,,N,     1,  2012,,,CAM_YSVC_P,N,C,,,,,,,,,
CAMS,PMUQ,PMUQ,PMU Questions,Y,6.1,060100,18/Jul/2001,,CAM_,Y,,N,,   462,,,CAM_PMUQ,N,C,SV101,,,CAM_PMUQ,,,,,Questions completed by user on new user registration.  The user will be asked these questions in the event that they forget their login password.
CAMS,PMUQ1,PMUQ,PMU Questions - for use when user has forgotten th,N,6.1,060100,25/Oct/2001,,CAM_,,,,,,,,CAM_PMUQ,N,U,SV101,,,,,,,,
CAMS,PPW,PPW,Programme Pathways,Y,3.5.2,030502,01/Jan/1995,,CAM_,Y,,N,,    24,,,CAM_YSVC_P,N,C,,,,,,,,,
CAMS,PRB,PRB,Programme Rule Body,Y,8.1.0,080100,09/Jul/2007,,CAM_,Y,,N,,    65,,,CAM_YSVC_P,N,C,CAM01,,,CAM_PRB,,,,,Defines the individual elements which make up a Programme Rule (PRR).
CAMS,PRD,PRD,Period,Y,10.6,100600,21/Sep/2022,,INS_,Y,,D,     3,   125,,,CAM_PRD,N,V,CAM01,,,CAM_PRD,,,,,"Defines the types of time classifications used within a scheme e.g. terms, semesters. The number of periods i.e. slots which make up a year and the start and end dates of the slots is further defined in the Period Slot (PSL) table. The codes used may also be required by other administrative systems within the institution, it is essential therefore that there is a universal agreement on the structure and definition of each code."
CAMS,PRD1,PRD,Period 1,N,4.1,040100,03/Oct/1997,,INS_,,,,,,,,CAM_PRD,N,U,CAM01,,,,,,,,
CAMS,PRG,PRG,Programme of Study,Y,10.6,100600,21/Sep/2022,,INS_,Y,,N,     9,   653,,,CAM_PRG,N,V,CAM01,,,CAM_PRG,,,,,Defines the programmes of study available within a scheme e.g. a Bachelor of Arts. A programme has an award attached to it e.g. Honours which is defined in the Programme Award (PAW) table. A programme consists of a valid route or route(s) which are defined in the Programme Route (PRU) table.
CAMS,PRG1,PRG,Prgramme,N,3.7,030700,18/Jan/1996,,INS_,,,,,,,,CAM_PRG,N,U,CAM01,,,,,,,,
CAMS,PRG2,PRG,Programme of Study,N,8.7.1,080701,15/Oct/2013,,INS_,,,,,,,,CAM_PRG,N,,CAM01,,,,,,,,
CAMS,PRR,PRR,Programme Rule,Y,3.5.2,030502,01/Jan/1995,,CAM_,Y,,N,,    92,,,CAM_YSVC_P,N,C,CAM01,,,CAM_PRR,,,,,Defines a particular rule which governs the study of a programme. Programme rules usually specify the taking or passing of specific modules which are defined in the Programme Rule Element (PRB) table.  
CAMS,PRRT,PRRT,Programme Rule Translation,Y,8.1.0,080100,10/Jul/2007,,CAM_,N,,N,,    18,,,CAM_YSVC_P,N,C,CAM24,,,,,,,,
CAMS,PRS,PRS,Personnel,Y,10.4,100400,14/Mar/2022,5,INS_,N,,N,   590,  2307,    50,,CAM_PRS,N,P,MEN01,PRS,<<PRS_CODE>>,MEN_PRS,,,,,Defines basic details about the staff resources used to teach and counsel students on courses/modules.  The codes used may also be required by other administrative systems it is essential therefore that there is universal agreement on the structure and definition of each code. 
CAMS,PRS1,PRS,Personnel Table,N,3.7,030700,18/Jan/1996,,INS_,,,,,,,,CAM_PRS,N,U,CAM01,,,,,,,,
CAMS,PRS2,PRS,Personnel,N,3.7,030700,18/Jan/1996,,INS_,,,,,,,,CAM_PRS,N,U,CAM01,,,,,,,,
CAMS,PRS3,PRS,Personnel Table,N,3.7,030700,18/Jan/1996,,INS_,,,,,,,,CAM_PRS,N,U,CAM01,,,,,,,,
CAMS,PRU,PRU,Programme Route,Y,9.7.0,090700,11/Apr/2018,,INS_,Y,,N,,   543,,,CAM_PRU,N,C,CAM01,,,CAM_PRU,,,,,Defines all the routes (ROU) that are valid for a particular programme.
CAMS,PRU1,PRU,Programe Route,N,3.7,030700,18/Jan/1996,,INS_,,,,,,,,CAM_PRU,N,U,CAM01,,,,,,,,
CAMS,PSD,PSD,Pathway Subject Department,Y,9.8.0,090800,06/Mar/2019,,INS_,Y,,N,,   509,,,CAM_YSVC_P,N,C,SRS01,,,SRS_PSD,,,,,Contains a breakdown of the subjects studied by the student enrolled on this course block.  This table is required to accommodate HESA.
CAMS,PSE,PSE,Pathway Statistic Element,Y,3.7,030700,13/Jun/1996,,CAM_,Y,,N,   109,   149,,,CAM_PSE,N,S,CAM05,,,CAM_PSE,,,,,"This table contains the statistical records generated by the Generate Pathway Statistics (PWS) process using the Pathway Statistics Header selection criteria defined above.The report can also be printed via the PWS screen.The printed version of the report is in landscape format. The pathway figures are calculated based on the date in the Date field of the selection criteria.In the example the date used is the 20th August 1993.In Year 1 therefore there is one student on the AMSM pathway, this student will therefore have a start date his/her SPR record which fell in the academic year 1992/93.The 8 students in Year 5 on the AMSM pathway will have a start date in their SPR record which fell within the academic year 1988/89. If the census date had been 20th August 1988,the number of students in the Year 1 field for the AMSM pathway would be 8."
CAMS,PSH,PSH,Pathway Statistic Header,Y,10.6,100600,21/Sep/2022,,CAM_,Y,,N,     2,   160,,,CAM_PSH,N,S,CAM05,,,CAM_PSH,,,,,This table describes the selection criteria on which records will be extracted.Everything following the code and description is a selection criteria. If you do not wish to use a certain selection criteria leave the field blank.
CAMS,PSL,PSL,Period Slot,Y,10.6,100600,26/Oct/2022,,INS_,Y,,D,,   605,,,CAM_YSVC_P,N,C,SRS01,,,SRS_PSL,,,,,Defines the number of weeks within a period.
CAMS,PSL1,PSL,Period Table,N,3.7,030700,18/Jan/1996,,INS_,,,,,,,,CAM_YSVC_P,N,U,,,,,,,,,
CAMS,PSL2,PSL,Period Slot Table,N,3.7,030700,18/Jan/1996,,INS_,,,,,,,,CAM_YSVC_P,N,U,,,,,,,,,
CAMS,PTA,PTA,Personnel Task Availability,Y,7.2.1,070201,21/Mar/2005,,CAM_,Y,,N,,   355,,,CAM_PTA,N,P,CAM01,PRS,<<PTA_PRSC>>,CAM_PTA,,,,,
CAMS,PTB,PTB,Pathway Type Rule Body,Y,3.5.2,030502,01/Jan/1995,,CAM_,Y,,N,,    40,,,CAM_YSVC_P,N,C,CAM01,,,CAM_PTB,,,,,Defines the individual elements which make up a Pathway Type Rule (PTR). These define the minimum and maximum credits to be obtained either at a certain level or of a certain type e.g. dissertation.
CAMS,PTC,PTC,Teaching Capability,Y,6.2.1,060201,21/May/2003,,CAM_,Y,,N,,    40,,,CAM_PTC,N,P,CAM01,PRS,<<PRS_CODE>>,CAM_PTC,,,,,Lists the areas of teaching capability of a member of staff and their FTE value.
CAMS,PTK,PTK,Personnel Task,Y,8.2.0,080200,19/Aug/2008,,CAM_,Y,,N,,   275,,,CAM_PTK,N,C,CAM06,PRS,,CAM_PTK,PersonnelTasks,PersonnelTask,,,This entity records information about personnel tasks.  
CAMS,PTKN,PTKN,Personnel Tasks Notes,Y,7.2.1,070201,21/Mar/2005,5,CAM_,Y,,N,     1,  2029,,,CAM_YSVC_P,N,C,,PRS,,,,,,,
CAMS,PTL,PTL,Personnel Task Log,Y,8.7.0,080700,24/Jul/2013,,CAM_,Y,,N,,   112,,,CAM_PTL,N,P,CAM01,PRS,<<PTL_PRSC>>,CAM_PTL,,,,,
CAMS,PTR,PTR,Pathway Type Rule,Y,8.1.1,080101,19/Feb/2008,,CAM_,Y,,N,,    86,,,CAM_YSVC_P,N,C,CAM01,,,CAM_PTR,,,,,Defines rules which can be applied to a pathway type. These govern the number and type of modules to be taken at a specific type of level or levels. The individual elements are defined in the Rule Element (PTB) table.
CAMS,PTRT,PTRT,Pathway Type Rule Translation,Y,8.1.0,080100,10/Jul/2007,,CAM_,N,,N,,    24,,,CAM_YSVC_P,N,C,CAM24,,,,,,,,
CAMS,PUB,PUB,Award Pathway Upgrade Rule Body,Y,7.1.0,070100,01/Sep/2003,,CAM_,Y,,N,,    82,,,CAM_YSVC_P,N,C,CAM04,,,CAM_PUB,,,,,Defines the individual elements of a pathway upgrade rule (PUR).
CAMS,PUC,PUC,Programme Route Collection,Y,10.6,100600,21/Sep/2022,,CAM_,Y,,N,,   127,,,CAM_PUC,N,V,CAM01,,,CAM_PUC,,,,,
CAMS,PUE,PUE,Programme Route Collection Element,Y,7.4.0,070400,17/May/2006,,CAM_,Y,,N,,   103,,,CAM_PUE,N,C,CAM01,,,CAM_PUE,,,,,
CAMS,PUR,PUR,Award Pathway Upgrade Rule,Y,7.1.0,070100,01/Sep/2003,,CAM_,Y,,N,,    99,,,CAM_YSVC_P,N,C,CAM04,,,CAM_PUR,,,,,Define optional rules which invoke an additional check which may lead CAMS to recommend a student for a higher class of award. The upgrade recommendation can be automatic or discretionary. They typically identify borderline students who could be upgraded by one class within the rules of the scheme and require CAMS to look at the type of module results obtained e.g. more weight placed on higher level modules at the expense of lower level modules.
CAMS,PURT,PURT,Award Pathway Upgrade Rule Translation,Y,8.1.0,080100,10/Jul/2007,,CAM_,N,,N,,    24,,,CAM_YSVC_P,N,C,CAM24,,,,,,,,
CAMS,PUT,PUT,Progression update tasks,Y,6.2.1,060201,06/Mar/2003,,CAM_,Y,,N,,    56,,,CAM_PUT,N,C,CAM01,,,CAM_PUT,,,,,
CAMS,PWC,PWC,Pathway Type Collection,Y,10.6,100600,21/Sep/2022,,CAM_,Y,,N,     1,   122,,,CAM_PWC,N,V,CAM03,,,CAM_PWC,,,,,Defines the way in which pathway types can be formed into a collection and used in Student Programme Planning rules. The individual pathway types which make up the collection are defined in the Pathway Type Element (PWE) table.
CAMS,PWE,PWE,Pathway Type Collection Element,Y,3.5.2,030502,01/Jan/1995,,CAM_,Y,,N,,    15,,,CAM_YSVC_P,N,C,CAM03,,,,,,,,Defines the individual pathway types which make up a Pathway type Collection (PWC). A single pathway type also needs to be defined as a collection for programme planning purposes.
CAMS,PWG,PWG,Pathway Group,Y,10.6,100600,21/Sep/2022,,INS_,Y,,N,    55,   134,,,CAM_PWG,N,V,CAM01,PRS,,CAM_PWG,,,,,This table is used to classify pathways into academic groups. These groups are used in the planning process. 
CAMS,PWG1,PWG,Pathway groups,N,3.7,030700,18/Jan/1996,,INS_,,,,,,,,CAM_PWG,N,U,CAM01,,,,,,,,
CAMS,PWG2,PWG,Pathway groups,N,3.7,030700,18/Jan/1996,,INS_,,,,,,,,CAM_PWG,N,U,CAM01,,,,,,,,
CAMS,PWT,PWT,Pathway Type,Y,10.6,100600,21/Sep/2022,,INS_,Y,,N,    19,   193,,,CAM_PWT,N,C,CAM01,,,CAM_PWT,,,,,Defines the different types of pathways available within a scheme. A pathway defines a named way for a student to progress through a scheme e.g. English major. All pathways must have a valid Pathway Type (PWT).  The rules which apply to all pathway types e.g. Major are defined by the Pathway Type Rule table. 
CAMS,PWT1,PWT,Pathway Type,N,3.7,030700,18/Jan/1996,,INS_,,,,,,,,CAM_PWT,N,U,CAM01,,,,,,,,
CAMS,PWT2,PWT,Pathway Type,N,3.7,030700,18/Jan/1996,,INS_,,,,,,,,CAM_PWT,N,U,CAM01,,,,,,,,
CAMS,PWY,PWY,Pathway,Y,10.2,100200,15/Mar/2021,,INS_,Y,,N,    67,  2878,,,CAM_PWY,N,C,CAM01,,,CAM_PWY,,,,,Defines pathways which are named ways for a student to progress through a scheme e.g. English major. Combinations of pathways known as routes e.g. FRAHS could be a route French and History which is made up of two separate pathways French Joint and History Joint.
CAMS,PWY1,PWY,Pathway,N,3.7,030700,18/Jan/1996,,INS_,,,,,,,,CAM_PWY,N,U,CAM01,,,,,,,,
CAMS,PWY2,PWY,Pathway,N,3.7,030700,18/Jan/1996,,INS_,,,,,,,,CAM_PWY,N,U,CAM01,,,,,,,,
CAMS,PYC,PYC,Paper Type Collection,Y,10.6,100600,21/Sep/2022,,CAM_,Y,,,,   128,,,CAM_PYC,N,V,CAM02,,,CAM_PYC,,,,,
CAMS,PYE,PYE,Paper Type Elements,Y,8.7.1,080701,13/Dec/2013,,CAM_,Y,,,,    24,,,CAM_PYE,N,,CAM02,,,CAM_PYE,,,,,
CAMS,QCG,QCG,Quality Credit Assessment Grade,Y,5.2,050200,20/Oct/1999,,CAM_,Y,,N,,    17,,,CAM_QCG,N,C,CAM44,,,CAM_QCG,,,,,
CAMS,QCG1,QCG,Quality Credit Assessment Grade,N,5.2,050200,16/Jul/2000,,CAM_,,,,,,,,CAM_QCG,N,U,CAM01,,,,,,,,
CAMS,QCG2,QCG,Quality Credit Assessment Grade,N,8.1.1,080101,18/Apr/2008,,CAM_,,,,,,,,CAM_QCG,,U,CAM01,,,,,,,,
CAMS,QDL,QDL,QCA Data Quality Log,Y,9.1.0,090100,10/Apr/2015,,CAM_,Y,,,,  1118,,,CAM_QDL,N,,CAM44,SPR,<<QDL_SPRC>>,CAM_QDL,QCADataQualityLogs,QCADataQualityLog,,,
CAMS,QMD,QMD,SQA module default,Y,8.2.1,080201,08/Jan/2009,,CAM_,Y,,N,,   120,,,CAM_YSVC_Q,N,C,SRS15,,,,,,,,
CAMS,QRL,QRL,Quality Credit Assessment Run Log,Y,8.8.1,080801,08/Apr/2015,,CAM_,N,,,,   126,,,CAM_QRL,N,C,CAM44,MST,?<<QRL_MSTC>>,CAM_QRL,,,,,
CAMS,QTL,QTL,Quality Credit Assessment Traceability Log,Y,9.1.0,090100,16/Apr/2015,,CAM_,N,,,,    91,,,CAM_QTL,N,,CAM44,SPR,?<<QTL_SPRC>>,CAM_QTL,,,,,
CAMS,QVG,QVG,QCA Valid Grades,Y,9.1.0,090100,20/Apr/2015,,CAM_,Y,,,,    11,,,CAM_QVG,N,,CAM44,,,CAM_QVG,,,,,
CAMS,RAF,RAF,Room Available Format,Y,9.4.0,090400,15/Nov/2016,,CAM_,Y,,N,,    46,,,CAM_RAF,N,C,CAM02,,,CAM_RAF,,,,,
CAMS,RCA,RCA,Room Category,Y,10.6,100600,21/Sep/2022,,CAM_,Y,,D,     3,   122,,,CAM_RCA,N,V,CAM02,,,CAM_RCA,,,,,"This table groups rooms with specific attributes together and is used by the CAMS Room Scheduler. These attributes may be based on something other than subject or type of activity for which they are used e.g. C1 - reserved for short courses, C2 - usual student accommodation. When each room (ROM) is defined the category can be included as part of the record. The category may then be built into a Room Scheduling Profile (RSP) record."
CAMS,RCA1,RCA,Room Category,N,8.1.1,080101,18/Apr/2008,,CAM_,,,,,,,,CAM_RCA,,U,CAM02,,,,,,,,
CAMS,RCL,RCL,Rule Class,Y,10.6,100600,21/Sep/2022,,CAM_,Y,,D,     3,   122,,,CAM_RCL,N,V,CAM03,,,CAM_RCL,,,,,"Defines the classes of rules which are to be implemented, it is almost like the ""strength"" of the rule. All rules must have a valid rule class. This is a system table which should only be changed with extreme caution. The following are valid. COMP must be observed OPEN rules that have no body because they reference data not in CAMS, e.g. must be able to play the violin RECO recommended but not compulsory"
CAMS,REL,REL,"Remove Events Lists (PEV,REV only)",Y,9.4.0,090400,15/Nov/2016,,CAM_,Y,,G,,    69,,,CAM_YSVC_R,N,P,,PRS,<<PRS_CODE>>,,,,,,
CAMS,RES,RES,Result,Y,10.6,100600,21/Sep/2022,5,INS_,Y,,D,     4,  2117,    50,,CAM_RES,N,C,MEN01,,,MEN_RES,,,,,This table is used to convert CAMS results into HESA format.
CAMS,REX,REX,Rule Existence Class,Y,10.6,100600,21/Sep/2022,,CAM_,Y,,D,     5,   122,,,CAM_REX,N,V,CAM03,,,CAM_REX,,,,,"Defines time elements which can be applied to rules. All rules must have a valid rule existence. This table is a system defined table and should only be changed with extreme caution. CO means required at the time NON negative of REQ POST will be required after PRE required before REQ has no time dimension, i.e. can be required at any time"
CAMS,RFC,RFC,Room facility cost,Y,8.2.0,080200,12/Aug/2008,,CAM_,Y,,N,,    64,,,CAM_RFC,N,C,CAM12,,,CAM_RFC,,,,,
CAMS,RFC1,RFC,Room facility cost,N,8.1.1,080101,18/Apr/2008,,CAM_,,,,,,,,CAM_RFC,,U,CAM12,,,,,,,,
CAMS,RFG,RFG,Room Facility Group,Y,10.6,100600,21/Sep/2022,,CAM_,Y,,N,,   127,,,CAM_RFG,N,V,CAM01,,,CAM_RFG,,,,,
CAMS,RFL,RFL,Room Facility List,Y,9.4.0,090400,15/Nov/2016,,CAM_,Y,,N,,   302,,,CAM_YSVC_R,N,C,CAM01,MST,?<<RFL_MSTC>>,CAM_RFL,,,,,
CAMS,RFL1,RFL,Room Facility List,N,8.1.1,080101,18/Apr/2008,,CAM_,,,,,,,,CAM_RFL,,U,CAM01,,,,,,,,
CAMS,RFO,RFO,Room format,Y,10.6,100600,21/Sep/2022,,CAM_,Y,,N,,   127,,,CAM_RFO,N,V,CAM02,,,CAM_RFO,,,,,Defines the room format for the room. The entries in this table are used to include room setup times as part of room clash checking processes when booking a room to an event(s).
CAMS,RFO1,RFO,Room format,N,8.3.1,080301,18/Mar/2010,,CAM_,,,,,,,,CAM_RFO,N,U,CAM02,,,,,,,,
CAMS,RFT,RFT,Room Facility Type,Y,10.6,100600,21/Sep/2022,,CAM_,Y,,N,,  2223,,,CAM_RFT,N,C,CAM01,MST,?<<RFT_MSTC>>,CAM_RFT,,,,,
CAMS,RFT1,RFT,Room Facility Type,N,8.3.1,080301,18/Mar/2010,,CAM_,,,,,,,,CAM_RFT,N,U,CAM01,,,,,,,,
CAMS,RHC,RHC,Room Hire Cost,Y,9.4.0,090400,15/Nov/2016,,CAM_,Y,,N,,    67,,,CAM_RHC,N,C,CAM12,,,CAM_RHC,,,,,
CAMS,RHC1,RHC,Room Hire Cost,N,8.1.1,080101,18/Apr/2008,,CAM_,,,,,,,,CAM_RHC,,U,CAM12,,,,,,,,
CAMS,RLT,RLT,Reading List Type,Y,10.6,100600,21/Sep/2022,,CAM_,Y,,D,     1,   121,,,CAM_RLT,N,V,CAM01,,,CAM_RLT,,,,,Defines the types of text used by module reading lists. It is intended that this data will be reported on in some format to be agreed.
CAMS,RMC,RMC,Room Collection,Y,10.6,100600,21/Sep/2022,,CAM_,Y,,N,,   130,,,CAM_YSVC_R,N,V,CAM02,,,CAM_RMC,,,,,
CAMS,RMC1,RMC,Room Collection,N,4.3,040300,22/Oct/1998,,CAM_,,,,,,,,CAM_YSVC_R,N,U,,,,,,,,,
CAMS,RMC2,RMC,Room collection,N,4.3,040300,22/Oct/1998,,CAM_,,,,,,,,CAM_YSVC_R,N,U,,,,,,,,,
CAMS,RMC3,RMC,room collection,N,4.3,040300,22/Oct/1998,,CAM_,,,,,,,,CAM_YSVC_R,N,U,,,,,,,,,
CAMS,RMC4,RMC,room collection,N,4.3,040300,22/Oct/1998,,CAM_,,,,,,,,CAM_YSVC_R,N,U,,,,,,,,,
CAMS,RMC5,RMC,room collection,N,4.3,040300,22/Oct/1998,,CAM_,,,,,,,,CAM_YSVC_R,N,U,,,,,,,,,
CAMS,RMC6,RMC,room collection,N,4.3,040300,22/Oct/1998,,CAM_,,,,,,,,CAM_YSVC_R,N,U,,,,,,,,,
CAMS,RMC7,RMC,room collection,N,4.3,040300,22/Oct/1998,,CAM_,,,,,,,,CAM_YSVC_R,N,U,,,,,,,,,
CAMS,RMC8,RMC,room collection,N,4.3,040300,22/Oct/1998,,CAM_,,,,,,,,CAM_YSVC_R,N,U,,,,,,,,,
CAMS,RMC9,RMC,room collection,N,4.3,040300,22/Oct/1998,,CAM_,,,,,,,,CAM_YSVC_R,N,U,,,,,,,,,
CAMS,RME,RME,Room Collection Elements,Y,9.4.0,090400,15/Nov/2016,,CAM_,Y,,N,,    34,,,CAM_YSVC_R,N,C,CAM02,,,CAM_RME,,,,,
CAMS,RME1,RME,Room Collection Elements,N,9.3.0,090300,07/Sep/2016,,CAM_,,,,,,,,CAM_RME,,,CAM02,,,,,,,,
CAMS,RML,RML,Remove Module List for WGEM's,Y,8.1.1,080101,01/Jul/2008,,CAM_,Y,,G,,    18,,,CAM_YSVC_R,N,C,,,,,,,,,
CAMS,RMM,RMM,Room contact mst,Y,9.4.0,090400,15/Nov/2016,,CAM_,Y,,N,,    53,,,CAM_RMM,N,C,CAM01,MST,?<<RMM_MSTC>>,CAM_RMM,,,,,
CAMS,RMP,RMP,Rooming Properties,Y,7.2.1,070201,21/Mar/2005,5,CAM_,Y,,N,     3,  2036,    50,,CAM_YSVC_R,N,C,,,,,,,,,
CAMS,RMP1,RMP,Rooming Property,N,3.8,030800,18/Nov/1996,,CAM_,,,,,,,,CAM_YSVC_R,N,U,,,,,,,,,
CAMS,RMR,RMR,Room Reservation for Departments (RMR),Y,9.6.0,090600,05/Feb/2018,,CAM_,Y,S,D,,   580,,,CAM_RMR,N,C,CAM02,,,CAM_RMR,,,,,"The Room Reservation for Departments (RMR) screen is used to define periods of time when Rooms (ROM) in defined Room Collections (RMC) are reserved for a Department (DPT). The RMR record can be set up in a number of different ways: Date Range - the RMR will be valid between a start and end date. Academic Week Range - the RMR will be valid between a start and end academic week. A start and end day is also required. A start and end time can optionally be added. Permanently Reserved - the RMR record is permanently reserved, i.e. is not specific to a date range or academic week range. The RMR will be checked when a ROM is added on any of the following processes/screens: Topic / Course Room Required (TRR) Course Block Timetable (CBT) Frequency Element (FQE) Event Attribute (EVA) Event Attributes (EVA1) Event Attributes (Active Week View) (EVA2) Event Attributes from Event (CAM_EVA3) Event Attributes from Attribute (CAM_EVA4) Event Summary (EVS) Generate Events (GEV) Event Modification Wizard (EVW) WGEM - Request Room Schedule Events to Room (SER) Assign Event to Room (AER) The User System Parameter (USP) CAM09_03 can be used to control whether the user is given the option to override the Room Reservation check when adding a Room (ROM) manually to an Event (EVE) or when adding a Room (ROM) on the Course Block Timetable (CBT), Topic Element (TEL), Topic / Course Room Required (TRR) or Frequency Element (FQE) screens. The system will check whether the ROM is available to the associated Department (DPT). If the USP is set to N, the user will be presented with a popup message asking them to select another room. If the USP is set to Y, the user will be presented with a popup message asking them to select another room or force the room to be added. The RMR checks can be turned on or off using System Parameter (SYP) CAM09_04. For more information please see the online manual."
CAMS,RMS,RMS,Assessment Room Splits,Y,9.4.0,090400,15/Nov/2016,,CAM_,Y,,N,,    32,,,CAM_YSVC_R,N,C,,,,,,,,,
CAMS,ROE,ROE,Route Element,Y,8.7.0,080700,08/Aug/2013,,INS_,Y,,N,   148,   564,,,CAM_ROE,N,C,CAM01,,,CAM_ROE,,,,,Defines the individual pathways which comprise a route. A route can be made of just one pathway.
CAMS,ROM,ROM,Room,Y,10.6,100600,21/Sep/2022,,INS_,Y,,N,   144,   796,,,CAM_ROM,N,C,CAM02,,,CAM_ROM,,,,,Defines the rooms which are located in a specific building. The data can be used by the CAMS Room Scheduling facility to schedule events into the room.  The room table defines the capacity and type of use to which the room can be put based on activities defined in Room Type (RTY) and also by a Room Category (RCA) which signifies certain attributes for the room.  The codes used may also be required by other administrative systems it is essential therefore that there is universal agreement on the structure and definition of each code. 
CAMS,ROM1,ROM,Room,N,3.8,030800,15/Nov/1996,,INS_,,,,,,,,CAM_ROM,N,U,CAM02,,,,,,,,
CAMS,ROM2,ROM,Room Table,N,8.3.1,080301,18/Mar/2010,,INS_,,,,,,,,CAM_ROM,N,U,CAM02,,,,,,,,
CAMS,ROM3,ROM,Room Table,N,8.3.1,080301,18/Mar/2010,,INS_,,,,,,,,CAM_ROM,N,U,CAM02,,,,,,,,
CAMS,ROU,ROU,Route,Y,10.3,100300,25/Aug/2021,,INS_,Y,,N,    73,   840,    50,,CAM_ROU,N,C,CAM01,,,CAM_ROU,,,route,Route,Routes define valid combinations of pathways which a student can follow under a particular programme. For example a student who opts for a programme of study e.g. BA Hons could select a route such as American Studies Joint AND Political Studies Joint. The different elements of a route are called pathways. A route may only comprise one pathway.  The individual pathways which make up the route are defined in the Route Element (ROE) table. In the case of the example there would be two route element records. 
CAMS,ROU1,ROU,Route Table,N,3.7,030700,18/Jan/1996,,INS_,,,,,,,,CAM_ROU,N,U,CAM01,,,,,,,,
CAMS,RRD,RRD,ROU Reporting Data,Y,8.7.0,080700,13/May/2013,,CAM_,N,S,D,,   798,,,CAM_RRD,N,C,SRS32,,,CAM_RRD,,,,,Route (ROU) Reporting Data (RRD) table holds extra data regarding particular routes for the purposes of HEIMS statutory reporting.
CAMS,RRD1,RRD,ROU Reporting Data,N,8.7.1,080701,15/Oct/2013,,CAM_,,,,,,,,CAM_RRD,N,,SRS32,,,,,,,,
CAMS,RSC,RSC,Room Capability,Y,9.4.0,090400,15/Nov/2016,,CAM_,Y,,N,,    27,,,CAM_YSVC_R,N,C,,,,,,,,,
CAMS,RSE,RSE,Room scheduling profile elements,Y,9.4.0,090400,15/Nov/2016,,CAM_,Y,,N,,   572,,,CAM_YSVC_R,N,C,CAM09,,,CAM_RSE,,,,,"The element record is the basic means to control how CAMS schedules the rooms. It determines the order in which CAMS attempts to select appropriate rooms for events. The room scheduling profile record can be manipulated in many ways and you must select the approach which best suits your institution. But before you schedule the rooms you must decide your priorities and strategy, this will then determine how you use the scheduler."
CAMS,RSP,RSP,Room scheduling profile,Y,10.6,100600,21/Sep/2022,,CAM_,Y,,N,     6,   131,,,CAM_RSP,N,V,CAM09,,,CAM_RSP,,,,,Defines a specific set of criteria which are to be used to schedule events to rooms.  The individual elements which make up the profile are defined in the Element record which is accessed via this table.
CAMS,RSS,RSS,Room Suitable Subject,Y,9.4.0,090400,15/Nov/2016,,CAM_,Y,,N,,    30,,,CAM_YSVC_R,N,C,CAM01,,,,,,,,Defines which subjects are specific to a room e.g. a particular laboratory may only be suitable for chemistry.
CAMS,RTB,RTB,Route Type Rule Body,Y,4.1,040100,02/Oct/1997,,CAM_,Y,,N,,    37,,,CAM_RTB,N,C,CAM01,,,CAM_RTB,,,,,The data in this table is used to define the elements which make up a route type rule.  The element is defined in database format which is then translated into an English statement for checking.  The element record uses module type collections which can be modified without having to modify the rule itself.
CAMS,RTC,RTC,Rule Type Combination,Y,7.2.1,070201,21/Mar/2005,5,CAM_,Y,,D,    75,  1015,    50,,CAM_YSVC_R,N,C,,,,,,,,,Contains the phrases which precede the rules which are defined and translated within CAMS e.g. "To obtain an award you must". The phrases are specific to a combination of:  Rule Class e.g. compulsory Rule Existence e.g. pre-requisite Rule Type e.g. module module rule
CAMS,RTR,RTR,Route Type Rule,Y,8.1.1,080101,19/Feb/2008,,CAM_,Y,,N,,    65,,,CAM_RTR,N,C,CAM01,,,CAM_RTR,,,,,The data in this table is used to define route type rules which check during the award calculation process that the student has a certain number of credits from the relevant route elements (pathways) which make up the route.  An example of rule for a student studying a major minor type route would be "must have 7 credits from the first pathway and 3 credits from the minor pathway".  You may also specify the type of credits if necessary e.g. the first pathway (major) must have 2 credits of dissertation type.  The rule is referred to indirectly from the Classification Selection Conditions (ACM>CSR>CSS) which contains a flag field asking if Route Type rules are used.  The route type rule record is purely a header record which defines the level from which the credits must come.  The definition of the rule itself is contained in the Route Type Rule Element (RUT>RTR>RTB).
CAMS,RTRT,RTRT,Route Type Rule Translation,Y,8.1.0,080100,10/Jul/2007,,CAM_,N,,N,,     9,,,CAM_YSVC_R,N,C,CAM24,,,,,,,,
CAMS,RTS,RTS,Registration type,Y,10.6,100600,21/Sep/2022,,CAM_,Y,,N,,   142,,,CAM_RTS,N,C,CAM01,,,CAM_RTS,,,,,
CAMS,RTS1,RTS,Re-take Status,N,5.2,050200,16/Jul/2000,,CAM_,,,,,,,,CAM_RTS,N,U,CAM01,,,,,,,,
CAMS,RTY,RTY,Room Type,Y,10.6,100600,21/Sep/2022,,INS_,Y,,D,    12,   128,,,CAM_RTY,N,C,MEN01,,,CAM_RTY,,,,,Defines the different types of rooms which may be used for teaching purposes.
CAMS,RTY1,RTY,Room Type Table,N,8.1.1,080101,18/Apr/2008,,INS_,,,,,,,,CAM_RTY,,U,MEN01,,,,,,,,
CAMS,RUF,RUF,Rule Form,Y,10.6,100600,21/Sep/2022,,CAM_,Y,,N,,   121,,,CAM_YSVC_R,N,C,,,,,,,,,
CAMS,RUT,RUT,Route Type,Y,10.6,100600,21/Sep/2022,,CAM_,Y,,N,     3,   592,,,CAM_RUT,N,V,CAM01,,,CAM_RUT,,,,,The data in this table is used to define the different types of routes on which students can study e.g. major/minor and Joint.  The route type is then attached to the relevant routes.  The route type can have rules attached to it which are used in the award calculation process to control the types of credits being used by the process.  You need only set this table up if the award calculation rules are such that the type of credits used in the calculation process are subject to certain constraints. Students studying on a "JointJoint" type route must have 5 credits from the first pathway element of the route and 5 from the second.
CAMS,SA1,SA1,Subject Analysis 1,Y,10.6,100600,21/Sep/2022,,INS_,Y,,N,     6,   121,,,CAM_SA1,N,V,MEN01,,,CAM_SA1,,,,,Contains data used for analysis purposes.  It may be used to define externally determined types of analysis or to group types of information together.  There should be a universal agreement on the structure and definition of each code.
CAMS,SA2,SA2,Subject Analysis 2,Y,10.6,100600,21/Sep/2022,,INS_,Y,,N,    15,   121,,,CAM_SA2,N,V,MEN01,,,CAM_SA2,,,,,Contains data used for analysis purposes.  It may be used to define externally determined types of analysis or to group types of information together.  There should be a universal agreement on the structure and definition of each code.
CAMS,SA3,SA3,Subject Analysis 3,Y,10.6,100600,21/Sep/2022,,INS_,Y,,D,     2,   121,,,CAM_SA3,N,V,MEN01,,,CAM_SA3,,,,,Contains data used for analysis purposes.  It may be used to define externally determined types of analysis or to group types of information together.  There should be a universal agreement on the structure and definition of each code.
CAMS,SA4,SA4,Subject Analysis 4,Y,10.6,100600,21/Sep/2022,,INS_,Y,,D,    14,   121,,,CAM_SA4,N,V,MEN01,,,CAM_SA4,,,,,Contains data used for analysis purposes.  It may be used to define externally determined types of analysis or to group types of information together.  There should be a universal agreement on the structure and definition of each code.
CAMS,SA5,SA5,Subject Analysis 5,Y,10.6,100600,21/Sep/2022,,INS_,Y,,D,     2,   121,,,CAM_SA5,N,V,MEN01,,,CAM_SA5,,,,,Contains data used for analysis purposes.  It may be used to define externally determined types of analysis or to group types of information together.  There should be a universal agreement on the structure and definition of each code.
CAMS,SAC,SAC,Student Award Credits,Y,8.8.1,080801,26/Nov/2014,,CAM_,Y,,N,   342,   742,,,CAM_SAC,N,P,CAM01,SPR,<<SPR_CODE>>,CAM_SAC,StudentAwardCredits,StudentAwardCredit,,,Records any award credits which a student may have gained than through the normal assessment process. It removes the necessity of having to register students on specific modules and generate dummy records for them. This may include students transferring from one institution to another part way through an existing course and who need to be credited for the work already done in order to meet the minimum number of credits award rule.  
CAMS,SAI,SAI,Student Academic Information,Y,9.3.0,090300,04/Jul/2016,,CAM_,Y,,,,   686,,,CAM_SAI,N,,CAM46,STU,<<SAI_STUC>>,CAM_SAI,StudentAcademicDetails,StudentAcademicDetail,,,This entity holds the student standing result
CAMS,SAL,SAL,Student assess receive log,Y,9.2.0,090200,26/Jan/2016,,CAM_,Y,,N,    86,   710,,,CAM_YSVC_S,Y,P,CAM04,SPR,<<SPR_CODE>>,CAM_SAL,StudentAssessReceiveLogs,StudentAssessReceiveLog,,,This table contains details of the assessment records due for a particular module result record. This due date can be modified if appropriate along with actual date of receipt of the assessment in the case of coursework etc. These date fields can be used to perform mark modifications where an institution imposes penalties for late submitted work.  The personnel can record who received the work. Additional notes can be recorded about the receipt of work via the Assessment notes table which is accessed via the "Other" menu option. The assessment pattern and sequence numbers etc. are generated at the point of the record generation performed via the student Assessment (SAS) or Individual Assessment (IAS) options.
CAMS,SAL1,SAL,Student assess receive log,N,4.3,040300,22/Oct/1998,,CAM_,,,,,,,,CAM_YSVC_S,N,U,,,,,,,,,
CAMS,SAN,SAN,Student Assessment Notes,Y,9.6.0,090600,14/Feb/2018,5,CAM_,N,,N,     3,   560,    50,,CAM_YSVC_S,Y,P,CAM04,SPR,<<SPR_CODE>>,CAM_SAN,StudentAssessmentNotes,StudentAssessmentNote,,,Provides top level access to notes recorded against an item of assessment.These notes can be printed in report form for submission to an examiner. The screen can be accessed via the student's individual module result record accessed via SPR. Complete the top section of the screen with the criteria for selecting the correct assessment records.
CAMS,SAN1,SAN,Student Assessment Notes,N,4.3,040300,22/Oct/1998,,CAM_,,,,,,,,CAM_YSVC_S,N,U,,,,,,,,,
CAMS,SAP,SAP,Student Annual Progress,Y,8.2.0,080200,19/Aug/2008,,CAM_,Y,,N,,    78,,,CAM_YSVC_S,N,P,CAM01,SPR,<<SPR_CODE>>,,StudentAnnualProgresses,StudentAnnualProgress,,,Reference Tables used in Student Annual Progress.  Decision Table 1  pass 2  fail 3  decision deferred 4  partial pass 5  not considered  Progress Table 1  course completed 2  continuing 3  conditional continuing 4  not continuing/no resit  Action Table 1  resit 2  1st attempt 3  repeat year 4  outstanding requirements
CAMS,SAQE,SAQE,Student Assessment Question Element,Y,9.2.0,090200,11/Jan/2016,,CAM_,Y,,N,,   740,,,CAM_SAQE,N,C,CAM29,MST,?<<SAQE_MSTC>>,CAM_SAQE,StudentAssessmentQuestionElements,StudentAssessmentQuestionElement,,,
CAMS,SAQE1,SAQE,Student Assessment Question Element,N,8.6.1,080601,08/Nov/2012,,CAM_,,,,,,,,CAM_SAQE,N,,CAM29,,,,,,,,
CAMS,SAQL,SAQL,Student Assessment Question Log,Y,9.2.0,090200,04/Feb/2016,,CAM_,Y,D,N,,   702,,,CAM_SAQL,N,C,CAM04,PRS,?<<SAQL_PRSC>>,CAM_SAQL,StudentAssessmentQuestionLogs,StudentAssessmentQuestionLog,,,The Student Assessment Question Log (SAQL) record is used to record the receipting of assessment questions.  The structure is very similar to the Student Assessment Log (SAL) records which are used for the receipting at the assessment level.  SAQL records are generated via SAS 1b where assessment questions and logging is in use.
CAMS,SAQL1,SAQL,Student Assessment Question Log,N,8.6.1,080601,08/Nov/2012,,CAM_,,,,,,,,CAM_SAQL,N,,CAM04,,,,,,,,
CAMS,SAQS,SAQS,Student Assessment Question Section,Y,9.1.0,090100,30/Sep/2015,,CAM_,Y,,N,,   589,,,CAM_SAQS,N,C,CAM29,,,CAM_SAQS,StudentAssessmentQuestionSections,StudentAssessmentQuestionSection,,,
CAMS,SAQS1,SAQS,Student Assessment Question Section,N,8.6.1,080601,08/Nov/2012,,CAM_,,,,,,,,CAM_SAQS,N,,CAM29,,,,,,,,
CAMS,SAS,SAS,Student Assessment,Y,10.0,100000,18/Feb/2020,,CAM_,Y,D,G,  6132,   872,,,CAM_YSVC_S,Y,P,CAM04,SPR,<<SPR_CODE>>,CAM_SAS,StudentAssessments,StudentAssessment,,,This option provides top level access to the module assessments for each module being taken by the student.  It displays the year/period and both the actual and agreed marks.  The most common reason for accessing this table will be to make global changes to a due date defined in error or which has been changed for all students.  You should limit the access to this table and only make edits to the data with great care.  You should not enter data in the screen.
CAMS,SAS1,SAS,Student Assessment,N,3.7,030700,18/Jan/1996,,CAM_,,,,,,,,CAM_YSVC_S,N,U,,,,,,,,,
CAMS,SAS2,SAS,Student Assessment Table,N,6.1,060100,24/Sep/2001,,CAM_,,,,,,,,CAM_SAS,N,U,CAM04,,,,,,,,
CAMS,SAS3,SAS,Student Assessment Table,N,5.2,050200,27/Sep/2000,,CAM_,,,,,,,,CAM_YSVC_S,N,U,,,,,,,,,
CAMS,SAS4,SAS,Student Assessment Table,N,5.2,050200,19/Mar/2001,,CAM_,,,,,,,,CAM_SAS,N,U,CAM04,,,,,,,,
CAMS,SAS6,SAS,Student Assessment Table,N,6.1,060100,24/Sep/2001,,CAM_,,,,,,,,CAM_SAS,N,U,CAM04,,,,,,,,
CAMS,SAV,SAV,Student Award Variable,Y,8.3.0,080300,11/Jun/2009,,CAM_,Y,,N,,    48,,,CAM_SAV,N,P,CAM04,SPR,<<SAV_SPRC>>,CAM_SAV,StudentAwardVariables,StudentAwardVariable,,,The Student Award Variable (SAV) entity holds the results of the variable calculations produced by the Award Calculation process.
CAMS,SAW,SAW,Student Award,Y,10.7,100700,11/Aug/2023,5,CAM_,Y,D,G,   639,  3426,    50,,CAM_YSVC_S,Y,P,CAM01,SPR,<<SPR_CODE>>,CAM_SAW,StudentAwards,StudentAward,,,Records details of the awards which a student obtains during their programme of studies.  It is generated as a consequence of the PSA process. The award record displays the stage the student is at in the award calculation process and the award name to appear on the certificate.
CAMS,SAW1,SAW,Student awards,N,3.7,030700,18/Jan/1996,,CAM_,,,,,,,,CAM_SAW,N,U,CAM01,,,,,,,,
CAMS,SAW2,SAW,Student Award,N,7.1.1,070101,26/Mar/2004,,CAM_,,,,,,,,CAM_SAW,N,U,CAM01,,,,,,,,
CAMS,SCD,SCD,Student Calculation Details,Y,8.4.0,080400,16/Aug/2010,,CAM_,Y,D,G,,    89,,,CAM_YSVC_S,N,P,CAM04,SPR,<<SPR_CODE>>,CAM_SCD,StudentCalculationDetails,StudentCalculationDetail,,,Defines the detail of how a student's award result was calculated. This includes any upgrade/confirmation calculations which may have been used whether or not the student passed the rules controlling such calculations.  The data in this table is generated automatically by the Process Student Award (PSA) process.
CAMS,SCE,SCE,Student Correspondence Element,Y,8.2.0,080200,19/Aug/2008,5,CAM_,Y,D,G,  4097,  1033,    50,,CAM_SCE,N,P,CAM07,SPR,<<SPR_CODE>>,CAM_SCE,StudentCorrespondenceElements,StudentCorrespondenceElement,,,This table defines to which modules each correspondence item defined in the Correspondence Element table refers.
CAMS,SCF,SCF,Student Calculation Full,Y,8.2.0,080200,17/Jul/2008,,CAM_,Y,,N,,    60,,,CAM_SCF,N,P,CAM04,SPR,<<SCF_SPRC>>,CAM_SCF,StudentCalculationFullDetails,StudentCalculationFullDetail,,,
CAMS,SCH,SCH,Scheme,Y,10.6,100600,21/Sep/2022,,INS_,Y,,N,     9,   165,,,CAM_SCH,N,C,MEN01,,,CAM_SCH,,,,,Defines the schemes that are being operated and the student FTE credit value. The levels within the scheme can also be viewed. 
CAMS,SCH1,SCH,Scheme Table,N,4.3,040300,02/Dec/1998,,INS_,,,,,,,,CAM_SCH,N,U,MEN01,,,,,,,,
CAMS,SCM,SCM,Student Correspondence Module,Y,8.2.0,080200,19/Aug/2008,,CAM_,Y,D,G,,    36,,,CAM_YSVC_S,N,P,CAM07,SPR,<<SPR_CODE>>,,StudentCorrespondenceModules,StudentCorrespondenceModule,,,Lists the modules to which the correspondence item refers.  You can delete or alter the list of modules to which the correspondence item refers should the student module results change before details have been despatched.  It also updates the list in the more detailed RSC.
CAMS,SCN,SCN,Student Candidate Number,Y,8.2.0,080200,19/Aug/2008,,CAM_,Y,,N,,    54,,,CAM_SCN,N,P,CAM01,STU,<<SCN_STUC>>,CAM_SCN,StudentCandidateNumbers,StudentCandidateNumber,,,
CAMS,SCN1,SCN,Student Candidate Number,N,4.3,040300,22/Oct/1998,,CAM_,,,,,,,,CAM_SCN,N,U,CAM01,,,,,,,,
CAMS,SCO,SCO,Student Correspondence,Y,8.2.0,080200,19/Aug/2008,,CAM_,Y,D,G,,    63,,,CAM_YSVC_S,N,P,CAM01,SPR,<<SPR_CODE>>,,StudentCorrespondences,StudentCorrespondence,,,Defines the students for whom correspondence has been printed which contains the correspondence item defined at the top of the screen.  
CAMS,SCR,SCR,Student Calculation Result,Y,8.3.1,080301,09/Dec/2009,,CAM_,Y,D,G,,    45,,,CAM_YSVC_S,N,P,CAM04,SPR,<<SPR_CODE>>,CAM_SCR,StudentCalculationResults,StudentCalculationResult,,,"Records details about the method used to calculate a student's award and the award classification. These are recorded in more detail in the Calculation Detail table. The award recorded may not necessarily be the same as the final award recorded in the SAW table, since the board responsible for considering award classifications may have determined a different classification."
CAMS,SCS,SCS,Student credit summary,Y,8.1.1,080101,01/Jul/2008,,CAM_,Y,,G,,    74,,,CAM_YSVC_S,N,P,,SPR,<<SCS_SPRC>>,,StudentCreditSummaries,StudentCreditSummary,,,
CAMS,SDD,SDD,Student Diet Details,Y,8.3.0,080300,10/Jul/2009,,CAM_,N,,N,,    70,,,CAM_SDD,N,P,CAM02,SPR,<<SDD_SPRC>>,CAM_SDD,StudentDietDetails,StudentDietDetail,,,
CAMS,SDL,SDL,Student Diet Log,Y,9.9.0,090900,24/Apr/2019,,CAM_,N,,N,,   138,,,CAM_SDL,N,P,CAM01,SPR,<<SDL_SPRC>>,CAM_SDL,StudentDietLogs,StudentDietLog,,,
CAMS,SDL1,SDL,Student Diet Log,N,5.2,050200,16/Jul/2000,,CAM_,,,,,,,,CAM_SDL,N,U,CAM01,,,,,,,,
CAMS,SDM,SDM,Student Diet Module,Y,10.7,100700,21/Jun/2023,,CAM_,Y,D,G,,   173,,,CAM_SDM,N,C,CAM02,SPR,<<SDM_SPRC>>,CAM_SDM,,,,,Student Diet Module (SDM) records relate to the filtering of module records for use within Module Registration (SIW_MRG).  These records are generated by the Generate Student Diet Module (GSDM) process.
CAMS,SDO,SDO,Student Diet Override,Y,8.3.1,080301,15/Mar/2010,,CAM_,Y,,N,,    74,,,CAM_SDO,N,P,CAM02,SPR,<<SDO_SPRC>>,CAM_SDO,StudentDietOverrides,StudentDietOverride,,,The Student Diet Override (SDO) table can be used to override minimum and maximum values on a Prescribed Diet Element record for individual students
CAMS,SDR,SDR,Student Diet Module Reason,Y,10.0,100000,09/Jan/2020,,CAM_,Y,S,N,,   310,,,CAM_SDR,N,C,CAM47,NOTMST,,CAM_SDR,,,,,"The Student Diet Module Reason (SDR) entity is used to hold the reason for a Student Diet Module (SDM) being unavailable, which may include that a co-requisite hasn't been met, a module is full, etc."
CAMS,SDS,SDS,SDS Selection,Y,8.4.0,080400,29/Apr/2010,,CAM_,Y,S,N,,    75,,,CAM_SDS,N,C,CAM02,,,CAM_SDS,,,,,
CAMS,SEL,SEL,Selected Event List,Y,8.1.1,080101,01/Jul/2008,,CAM_,Y,,N,,    67,,,CAM_YSVC_S,N,C,,,,,,,,,
CAMS,SEQ,SEQ,Stock Equivalence,Y,10.6,100600,21/Sep/2022,,CAM_,Y,D,N,,   622,,,CAM_SEQ,N,S,CAM34,,,CAM_SEQ,,,,,
CAMS,SES,SES,Module Selection Status,Y,10.6,100600,21/Sep/2022,,CAM_,Y,,D,     2,   124,,,CAM_SES,N,C,CAM01,,,CAM_SES,,,,,
CAMS,SES1,SES,Module Selection Status Table,N,7.2.0,070200,09/Sep/2004,,CAM_,,,,,,,,CAM_SES,,U,CAM01,,,,,,,,
CAMS,SGC,SGC,Scheduling Group Constraint,Y,10.7,100700,08/Jun/2023,,CAM_,Y,,,,  2308,,,CAM_SGC,N,,CAM08,,,CAM_SGC,,,,,Scheduling Group Constraints  This table holds information about a Scheduling Group's constraints so that these requirements can be taken into account when scheduling.
CAMS,SGC1,SGC,Sched Group Constraint,N,10.7,100700,18/Aug/2023,,CAM_,,,,,,,,CAM_SGC,,,CAM08,,,,,,,,
CAMS,SGI,SGI,Stock Item Goods-in,Y,8.4.1,080401,28/Sep/2010,,CAM_,Y,D,N,,   593,,,CAM_SGI,N,S,CAM34,MST,?<<SGI_MSTC>>,CAM_SGI,,,,,
CAMS,SGR,SGR,Subject Group,Y,10.6,100600,21/Sep/2022,,INS_,Y,,D,,   127,,,CAM_YSVC_S,N,C,CAM01,,,CAM_SGR,,,,,Defines individual subject groups which make up the programme areas.  These provide an additional level of details for analysis and external reporting.  
CAMS,SHS,SHS,Schedule Status,Y,10.6,100600,21/Sep/2022,,CAM_,Y,,D,     2,   122,,,CAM_SHS,N,V,CAM01,,,CAM_SHS,,,,,Defines type status in relation to an available module. A - available - is the only acceptable entry. This is a system table and should not be changed.
CAMS,SHS1,SHS,Schedule Status Table,N,8.6.0,080600,20/Sep/2012,,CAM_,,,,,,,,CAM_SHS,,U,CAM01,,,,,,,,
CAMS,SHS2,SHS,Schedule Status Table,N,8.6.0,080600,20/Sep/2012,,CAM_,,,,,,,,CAM_SHS,,U,CAM01,,,,,,,,
CAMS,SIL,SIL,Stock Item Level,Y,8.4.1,080401,28/Sep/2010,,CAM_,Y,D,N,,  1122,,,CAM_SIL,N,S,CAM34,MST,?<<SIL_MSTC>>,CAM_SIL,,,,,
CAMS,SIM,SIM,Stock Item Master,Y,10.6,100600,21/Sep/2022,,CAM_,Y,D,N,,  1898,,,CAM_SIM,N,S,CAM34,MST,?<<SIM_MSTC>>,CAM_SIM,,,,,
CAMS,SIM1,SIM,Stock Item Master,N,8.4.0,080400,20/Sep/2010,,CAM_,,,,,,,,CAM_SIM,,U,CAM34,,,,,,,,
CAMS,SIN,SIN,Stock Item Inventory,Y,8.4.1,080401,28/Sep/2010,,CAM_,Y,D,N,,   906,,,CAM_SIN,N,S,CAM34,MST,?<<SIN_MSTC>>,CAM_SIN,,,,,
CAMS,SIS,SIS,SIS transfer file,Y,8.2.0,080200,19/Aug/2008,,CAM_,Y,,N,,    50,,,CAM_YSVC_S,N,P,,SPR,<<SPR_CODE>>,,SISTransferFiles,SISTransferFile,,,
CAMS,SIT,SIT,Site,Y,10.6,100600,21/Sep/2022,,INS_,Y,,N,    10,   128,,,CAM_SIT,N,V,MEN01,,,CAM_SIT,,,,,Defines sites within which buildings and rooms can be located. The data is used during the Assign Rooms process (EVE) to assign rooms to events. The Rooms table defines the capacity and type of use to which a room can be put based on the types activities defined in the Room Type (RTY) table.  The Building and also Room tables can only be accessed via this table. The Room Events table which lists the events which have been assigned to a room can only be accessed via the Room table.  
CAMS,SIT1,SIT,Site Table,N,8.1.1,080101,18/Apr/2008,,INS_,,,,,,,,CAM_SIT,,U,MEN01,,,,,,,,
CAMS,SLE,SLE,Scheme Level,Y,3.5.2,030502,01/Jan/1995,,CAM_,Y,,N,    15,    15,,,CAM_SLE,N,C,CAM01,,,CAM_SLE,,,,,"The data in this table is used to define the scheme and the level of a module. The records are ranked together with a flag indicating whether students are required to qualify, as defined by the pathway type rule, before taking modules of a higher level."
CAMS,SLEA,SLE,Scheme Level Table A,N,3.7,030700,18/Jan/1996,,CAM_,,,,,,,,CAM_YSVC_S,N,U,,,,,,,,,
CAMS,SLEB,SLE,Scheme Level Table B,N,3.7,030700,18/Jan/1996,,CAM_,,,,,,,,CAM_YSVC_S,N,U,,,,,,,,,
CAMS,SLM,SLM,Student Learning Material,Y,8.2.0,080200,17/Jul/2008,,CAM_,Y,,N,    46,   310,,,CAM_SLM,N,P,CAM13,SPR,<<SLM_SPRC>>,CAM_SLM,StudentLearningMaterials,StudentLearningMaterial,,,Student Learning Material Student record of Learning Material assigned to student during generation. 
CAMS,SLM1,SLM,copy of slm,N,4.1,040100,03/Oct/1997,,CAM_,,,,,,,,CAM_SLM,N,U,CAM13,,,,,,,,
CAMS,SLO,SLO,Student Learning Outcome,Y,10.6,100600,25/Jan/2023,,CAM_,Y,S,N,,   619,,,CAM_SLO,N,C,CAM03,SPR,,CAM_SLO,StudentLearningOutcomes,StudentLearningOutcome,,,The Student Learning Outcome record holds details about skills attained from completing a learning outcome defined by a curriculum element.
CAMS,SLT1,SLT,Time Slot,N,4.3,040300,22/Oct/1998,,CAM_,,,,,,,,CAM_SLT,N,U,CAM08,,,,,,,,
CAMS,SMA,SMA,Student Module Application,Y,9.4.0,090400,17/Oct/2016,,CAM_,N,,N,,  1089,,,CAM_SMA,N,P,MAS04,STU,<<SMA_STUC>>,CAM_SMA,StudentModuleApplications,StudentModuleApplication,studentModuleApplication,Student Module Application,"The Student Module Application (SMA) table holds information on module applications that are made for study or for competency / exemption. The Student Module Application (SMA) records are populated using data from the Pathway Foundation Modules (PFM). Credits achieved can be transferred to Student Module Credits (SMC) records, whilst applications to study on a module can be transferred to Student Module Selection (SMS) records, by the Applicant Transfer ATR) process."
CAMS,SMA1,SMA,Student Module Applicatio,N,8.3.1,080301,18/Mar/2010,,CAM_,,,,,,,,CAM_SMA,N,U,MAS04,,,,,,,,
CAMS,SMC,SMC,Student Module Credits,Y,10.1,100100,13/Aug/2020,,CAM_,Y,,N,    10,   971,,,CAM_SMC,N,P,CAM01,SPR,<<SPR_CODE>>,CAM_SMC,StudentModuleCredits,StudentModuleCredit,,,Records any credit (passed or taken) for a module which a student may have gained other than through the normal assessment process. It removes the necessity for dummy registration on the module and subsequent result processing. This may include students transferring from another institution part way through an existing course and who need to be credited for a specific module which is a part of a pre-requisite rule for a module they wish to take.
CAMS,SMC1,SMC,Student Module Credits,N,4.3,040300,22/Oct/1998,,CAM_,,,,,,,,CAM_SMC,N,U,CAM01,,,,,,,,
CAMS,SMCQ,SMCQ,Student MCQ Answers,Y,9.2.0,090200,18/Feb/2016,,CAM_,Y,,,,  1154,,,CAM_SMCQ,N,,CAM04,SPR,?<<SMCQ_SPRC>>,CAM_SMCQ,,,,,The SMCQ table holds a students answers for a multiple choice questionnaire. These answers are compared against the correct answers on MCQ to calculate a result.
CAMS,SMD,SMD,Scheme Module,Y,3.5.2,030502,01/Jan/1995,,CAM_,Y,,G,,    30,,,CAM_YSVC_S,N,C,,,,,,,,,
CAMS,SME,SME,Student Module Electives,Y,8.3.0,080300,02/Oct/2009,,CAM_,Y,,N,,    75,,,CAM_SME,N,P,CAM01,SPR,<<SME_SPRC>>,CAM_SME,StudentModuleElectives,StudentModuleElective,,,
CAMS,SMM,SMM,Student Module Minutes,Y,9.6.0,090600,14/Feb/2018,5,CAM_,N,D,G,    38,   568,    50,,CAM_YSVC_S,N,P,CAM04,SPR,<<SPR_CODE>>,CAM_SMM,StudentModuleMinutes,StudentModuleMinute,,,"Details the minute which relates to the module result. The minutes may have been added during the Process Module Result stage of the assessment process, or added directly into this record. If added at this point before the Process Module Result stage the minutes will appear on the Module Result form otherwise they will appear on any Exam Board Minutes printed after the module results have been processed. A student can have one minutes record per module."
CAMS,SMM1,SMM,Student Module Minutes,N,4.3,040300,22/Oct/1998,,CAM_,,,,,,,,CAM_YSVC_S,N,U,,,,,,,,,
CAMS,SMO,SMO,Student Module Taking,Y,10.3,100300,11/Aug/2021,,CAM_,Y,D,G,  3109,   765,,,CAM_YSVC_S,Y,P,CAM02,SPR,<<SPR_CODE>>,CAM_SMO,StudentModuleTakings,StudentModuleTaking,studentModuleTaking,Student Module Taking,Records the actual modules being taken by a student. The details in this table are generated automatically as a consequence of the scheduling process. The data for this table would normally be entered manually. Any editing of the detail must be treated with extreme caution.
CAMS,SMO1,SMO,Student Module Taking,N,3.7,030700,18/Jan/1996,,CAM_,,,,,,,,CAM_SMO,N,U,CAM02,,,,,,,,
CAMS,SMO2,SMO,Student Module Taking,N,3.7,030700,18/Jan/1996,,CAM_,,,,,,,,CAM_SMO,N,U,CAM02,,,,,,,,
CAMS,SMOT,SMOT,SMO Things,Y,8.5.0,080500,30/Aug/2011,,CAM_,Y,,N,,   388,,,CAM_SMOT,N,P,CAM02,SPR,<<SPR_CODE>>,CAM_SMOT,SMOThings,SMOThing,,,The Student Module Taking Things (SMOT) entity is used to hold additional values that are related to the SMO but which are not always required.
CAMS,SMQ,SMQ,Student Module Request,Y,9.9.0,090900,15/Apr/2019,,CAM_,Y,,N,,   660,,,CAM_SMQ,N,P,CAM02,SPR,<<SMQ_SPRC>>,CAM_SMQ,StudentModuleRequests,StudentModuleRequest,,,
CAMS,SMQ1,SMQ,Student Module Request,N,8.3.1,080301,18/Mar/2010,,CAM_,,,,,,,,CAM_SMQ,N,U,CAM02,,,,,,,,
CAMS,SMQ2,SMQ,Student Module Request,N,8.3.1,080301,18/Mar/2010,,CAM_,,,,,,,,CAM_SMQ,N,U,CAM02,,,,,,,,
CAMS,SMR,SMR,Student module result,Y,8.8.1,080801,13/Nov/2014,,INS_,Y,D,G,  7142,  1049,,,CAM_YSVC_S,N,P,CAM04,SPR,<<SPR_CODE>>,CAM_SMR,StudentModuleResults,StudentModuleResult,,,Records the module result for each module being taken by a student. It displays the year/period and both the actual and agreed marks. The individual assessment results which make up a module result can also be accessed from this table. The details in the Module Result table are generated automatically as a consequence of the assessment process.
CAMS,SMR1,SMR,Student module result,N,3.7,030700,18/Jan/1996,,INS_,,,,,,,,CAM_YSVC_S,Y,U,,,,,,,,,
CAMS,SMR2,SMR,Student Result Table,N,5.2,050200,16/Jul/2000,,INS_,,,,,,,,CAM_YSVC_S,N,U,,,,,,,,,
CAMS,SMR3,SMR,Student Result Table,N,5.2,050200,27/Sep/2000,,INS_,,,,,,,,CAM_YSVC_S,N,U,,,,,,,,,
CAMS,SMR4,SMR,Student Result Table,N,5.2,050200,27/Sep/2000,,INS_,,,,,,,,CAM_YSVC_S,N,U,,,,,,,,,
CAMS,SMRL,SMRL,Student Module Result Audit,Y,8.8.1,080801,27/Nov/2014,,INS_,Y,,N,,   939,,,CAM_SMRL,N,C,CAM04,USR,?<<SMRL_USRC>>,CAM_SMRL,StudentModuleResultAudits,StudentModuleResultAudit,,,
CAMS,SMRT,SMRT,Student Module Result Things,Y,8.8.0,080800,20/Aug/2014,,INS_,Y,,N,  7142,  1191,,,CAM_SMRT,N,P,CAM01,SPR,<<SPR_CODE>>,CAM_SMRT,StudentModuleResultThings,StudentModuleResultThing,,,Top level SMRT form
CAMS,SMRT1,SMRT,SMR Things,N,4.3,040300,22/Oct/1998,,INS_,,,,,,,,CAM_SMRT,N,U,CAM01,,,,,,,,
CAMS,SMRT2,SMRT,SMR Things,N,5.2,050200,16/Jul/2000,,INS_,,,,,,,,CAM_SMRT,N,U,CAM01,,,,,,,,
CAMS,SMR_WK,SMR_WK,Student Module Result - WK,Y,7.2.0,070200,25/May/2004,,INS_,Y,,T,,    91,,,CAM_YSVC_S,N,I,,SPR,<<SPR_CODE>>,,,,,,
CAMS,SMS,SMS,Student Module Selection,Y,10.3,100300,11/Aug/2021,,CAM_,Y,,N,   844,   674,,,CAM_YSVC_S,Y,P,CAM01,SPR,<<SPR_CODE>>,CAM_SMS,StudentModuleSelections,StudentModuleSelection,,,"Records students' choice of modules, ranked in order of preference. Usually the compulsory modules would be entered first, with the high rank numbers, followed by the optional modules. The modules in this table may not necessarily be the modules which a student ultimately studies."
CAMS,SMS1,SMS,Student Module Selection Table,N,4.3,040300,22/Oct/1998,,CAM_,,,,,,,,CAM_YSVC_S,N,U,,,,,,,,,
CAMS,SMS2,SMS,Student Module Selection Table,N,8.3.1,080301,18/Mar/2010,,CAM_,,,,,,,,CAM_SMS,N,U,CAM01,,,,,,,,
CAMS,SMST,SMST,Student Module Selection,Y,8.7.0,080700,16/Jul/2013,,CAM_,Y,,N,,  1572,,,CAM_YSVC_S,N,P,CAM01,SPR,<<SPR_CODE>>,CAM_SMST,StudentModuleSchedules,StudentModuleSchedule,,,"A Record to contain an audit of the scheduling of the SMS record with which is has a 1 to 1 relationship with, thus will have the same Primary Keys as the SMS record."
CAMS,SMT,SMT,Stock Master Template,Y,10.6,100600,21/Sep/2022,,CAM_,Y,D,N,,  2161,,,CAM_SMT,N,S,CAM34,,,CAM_SMT,,,,,
CAMS,SMW,SMW,Student Module Waiting,Y,10.3,100300,11/Aug/2021,,CAM_,Y,,N,,   620,,,CAM_SMW,N,,CAM37,SPR,<<SMW_SPRC>>,CAM_SMW,StudentModuleWaitings,StudentModuleWaiting,,,"The Student Module Waiting (SMW) table is a record of Students against Module Availabilities (MAVs). Each record is one SPR code waiting for one Module Availability in date/time order. One student can only be waiting for a module once. The purpose of this table is to ensure Students that cannot attend a full Module are placed fairly in a queue, should a space become available"
CAMS,SMW1,SMW,Student Module Waiting,N,9.8.0,090800,08/Mar/2019,,CAM_,,,,,,,,CAM_SMW,,,CAM37,,,,,,,,
CAMS,SMX,SMX,Student Module Exclusion,Y,9.3.0,090300,04/Jul/2016,,CAM_,Y,,,,   123,,,CAM_SMX,N,,CAM46,STU,<<SMX_STUC>>,CAM_SMX,StudentModuleExclusions,StudentModuleExclusion,,,This entity holds a module exclusion for a student (either for an entire STU or a specific SPR)
CAMS,SPC,SPC,Student Pathway Credits,Y,8.8.1,080801,26/Nov/2014,,CAM_,Y,,N,    38,   748,,,CAM_SPC,N,P,CAM01,SPR,<<SPR_CODE>>,CAM_SPC,StudentPathwayCredits,StudentPathwayCredit,,,Records any award credits which a student may have gained other than through the normal assessment process. It removes the necessity of having to register students on specific modules and generate dummy records for them. This may include students transferring from another institution part way through an existing course who need to be credited for the work already done in order to meet the minimum number of credits award rule. 
CAMS,SPC1,SPC,Student Pathway Credits,N,8.3.1,080301,18/Mar/2010,,CAM_,,,,,,,,CAM_SPC,N,U,CAM01,,,,,,,,
CAMS,SPH,SPH,Student Pathway History,Y,8.4.0,080400,07/Jul/2010,,CAM_,Y,D,N,,    35,,,CAM_SPH,N,C,CAM01,SPR,<<SPH_SPRC>>,CAM_SPH,StudentPathwayHistories,StudentPathwayHistory,,,
CAMS,SPH1,SPH,Student Pathway History,N,8.5.0,080500,21/Sep/2011,,CAM_,,,,,,,,CAM_SPH,,U,CAM01,,,,,,,,
CAMS,SPI,SPI,Student progress info,Y,10.3,100300,16/Sep/2021,5,CAM_,N,,N,  3520,   861,,,CAM_SPI,N,P,CAM01,SPR,<<SPI_SPRC>>,CAM_SPI,StudentProgressDetails,StudentProgressDetail,studentProgressionPoint,Student Progression Point,
CAMS,SPI1,SPI,CAMS student progress info,N,5.2,050200,16/Jul/2000,,CAM_,,,,,,,,CAM_SPI,N,U,CAM01,,,,,,,,
CAMS,SPI2,SPI,CAMS student progress info,N,5.2,050200,16/Jul/2000,,CAM_,,,,,,,,CAM_SPI,N,U,CAM01,,,,,,,,
CAMS,SPIA,SPIA,Student progress GPA Information,Y,,,23/Jan/2014,,CAM_,Y,,,,   573,,,CAM_SPIA,N,,CAM40,MST,?<<SPIA_MSTC>>,CAM_SPIA,StudentProgressGPADetails,StudentProgressGPADetail,,,"Student Progress Information GPA (SPIA) is created after a Progression Calculation method (PCM) is run (via XGPA). There can be one or more SPIA records and each is related to a Student Progress Information (SPI) record; the SPIA form can be access from the SPI other menu. The SPIA records hold data about each GPA calculation, including the GPA, and are generated using the GPA Profile Elements (GPE) parameters."
CAMS,SPIC,SPIC,Student Progression Information Calculation,Y,8.8.0,080800,28/May/2014,,CAM_,Y,,N,,   128,,,CAM_SPIC,N,C,CAM01,MST,?<<SPIC_MSTC>>,CAM_SPIC,StudentProgressionInformationCalculations,StudentProgressionInformationCalculation,,,
CAMS,SPIM,SPIM,Student Progress Info Compensated Modules,Y,8.7.1,080701,27/Jan/2014,,CAM_,Y,,,,    49,,,CAM_SPIM,N,P,CAM41,,,CAM_SPIM,StudentProgressInfoCompensatedModules,StudentProgressInfoCompensatedModule,,,Student Progress Info Compensated Modules (SPIM) lists information about a student's module results after the Automatic Compensation process has been run. These records are overwritten each time the process is run.
CAMS,SPIS,SPIS,Student Progression Info - Academic Standing,Y,9.3.0,090300,04/Jul/2016,,CAM_,Y,,,,   648,,,CAM_SPIS,N,,CAM46,,,CAM_SPIS,StudentProgressionInfoAcademicStandings,StudentProgressionInfoAcademicStanding,,,This entity holds the results of module standing and programme standing processes
CAMS,SPP,SPP,Student Programme Planning,Y,10.6,100600,31/Jan/2023,,CAM_,Y,,N,  4272,   352,,,CAM_SPP,N,P,CAM03,SPR,<<SPR_CODE>>,CAM_SPP,StudentProgrammePlannings,StudentProgrammePlanning,,,This screen display the credits that are used in the programme planning process
CAMS,SPP1,SPP,Student Planning Programme,N,3.7,030700,18/Jan/1996,,CAM_,,,,,,,,CAM_SPP,N,U,CAM03,,,,,,,,
CAMS,SPPI,SPPI,Student Pathway Progress Information,Y,9.2.0,090200,09/Feb/2016,,CAM_,N,,N,,   721,,,CAM_SPPI,N,P,CAM01,SCJ,?<<SPPI_SCJC>>,CAM_SPPI,StudentPathwayProgressDetails,StudentPathwayProgressDetail,,,"Student Pathway Progression Information (SPPI) record is a key record within the CSP Progression process for pathway type progression. SPPI is required for the Progression process to run, and records the outcome of the process. There is one SPPI record per pathway, and one SPI (Student Progression Information) record per course."
CAMS,SPPI1,SPPI,Student Pathway Progress Information,N,8.6.1,080601,08/Nov/2012,,CAM_,,,,,,,,CAM_SPPI,N,,CAM01,,,,,,,,
CAMS,SPPIC,SPPIC,Student Pathway Progression Calculation Info,Y,,,18/Oct/2012,,CAM_,Y,,N,,   152,,,CAM_SPPIC,N,C,CAM01,MST,?<<SPPIC_MSTC>>,CAM_SPPIC,StudentPathwayProgressionCalculationDetails,StudentPathwayProgressionCalculationDetail,,,"The Student Pathway Progression Calculation (SPPIC) record holds details about the calculation(s) performed during the pathway progression process. The SPPIC table includes information on the Progression Rule Element (PRE), the calculated value and whether the rule is true (T) or false (F). The confirmed values will be automatically populated when the pathway progression result is confirmed through CSP, and would be removed if the student's pathway progression result is later undone."
CAMS,SPR,SPR,Student Programme Route,Y,10.7,100700,23/May/2023,5,INS_,N,,N,  2079,  1164,    50,,CAM_YSVC_S,N,P,CAM01,SPR,<<SPR_CODE>>,CAM_SPR,StudentProgrammeRoutes,StudentProgrammeRoute,studentProgrammeRoute,Student Programme Route,"Defines information about students including their location, academic counsellor and programme route. This is the key entity for the CAMS (modular) system. Most details in this table are generated automatically as a consequence of a transfer process from the institution's normal student information database. The SPR table is the only means of access to all the tables listed in the Referenced By section. There are a great number of them and for this reason the purpose of path and references e.t.c. for each will be described as the tables occur alphabetically."
CAMS,SPR1,SPR,Student Programme Route,N,3.7,030700,18/Jan/1996,,INS_,,,,,,,,CAM_YSVC_S,N,U,,,,,,,,,
CAMS,SPR2,SPR,Student Programme Route,N,3.7,030700,18/Jan/1996,,INS_,,,,,,,,CAM_YSVC_S,N,U,,,,,,,,,
CAMS,SPR3,SPR,Student Table,N,8.3.1,080301,18/Mar/2010,,INS_,,,,,,,,CAM_SPR,N,U,CAM01,,,,,,,,
CAMS,SPY,SPY,Student Pathway,Y,9.5.0,090500,29/Aug/2017,,INS_,Y,D,G,     0,   650,,,CAM_SPY,N,P,CAM01,SPR,<<SPY_SPRC>>,CAM_SPY,StudentPathways,StudentPathway,,,
CAMS,SPY1,SPY,Student Pathways,N,4.3,040300,22/Oct/1998,,INS_,,,,,,,,CAM_SPY,N,U,CAM01,,,,,,,,
CAMS,SQC,SQC,Stock Equiv. Collection,Y,8.4.0,080400,21/Jul/2010,,CAM_,Y,S,N,,    80,,,CAM_SQC,N,S,CAM34,,,CAM_SQC,,,,,
CAMS,SQRO,SQRO,Student QCA Rule Override,Y,9.1.0,090100,22/Jul/2015,,CAM_,Y,,,,  2133,,,CAM_SQRO,N,,CAM44,MST,?<<SQRO_MSTC>>,CAM_SQRO,StudentQCARuleOverrides,StudentQCARuleOverride,,,
CAMS,SRA,SRA,Student Re-Assessment,Y,10.0,100000,18/Feb/2020,,CAM_,Y,,N,   409,  1004,,,CAM_YSVC_S,N,P,CAM04,SPR,<<SPR_CODE>>,CAM_SRA,StudentReAssessments,StudentReAssessment,,,"Details each piece of re-assessment which has been generated for a student, including the due date of the re-assessment and the actual and agreed marks. This record is generated automatically from the Student Re-assessment (RAS) process from within the Assessment component. Details of a student's re-assessment would not normally be entered here."
CAMS,SRA1,SRA,copy of sra,N,3.8,030800,15/Nov/1996,,CAM_,,,,,,,,CAM_SRA,N,U,CAM04,,,,,,,,
CAMS,SRA2,SRA,Student Re-Assessment,N,5.2,050200,01/Dec/2000,,CAM_,,,,,,,,CAM_SRA,N,U,CAM04,,,,,,,,
CAMS,SRA3,SRA,Student Re-Assessment,N,5.2,050200,27/Sep/2000,,CAM_,,,,,,,,CAM_SRA,N,U,CAM04,,,,,,,,
CAMS,SRA5,SRA,Student Re-Assessment,N,6.1,060100,24/Sep/2001,,CAM_,,,,,,,,CAM_SRA,N,U,CAM04,,,,,,,,
CAMS,SRC,SRC,Student Module Registration Comments,Y,8.2.0,080200,17/Jul/2008,,CAM_,Y,,N,,  2071,,,CAM_SRC,N,P,CAM02,SPR,<<SRC_SPRC>>,CAM_SRC,StudentModuleRegistrationComments,StudentModuleRegistrationComment,,,This table records the comments made by students and tutors as part of the module registration approval process (View/Add Comments).
CAMS,SRC1,SRC,Student Module Registration Comments,N,8.1.1,080101,18/Apr/2008,,CAM_,,,,,,,,CAM_SRC,,U,CAM02,,,,,,,,
CAMS,SRG,SRG,Student Module Result Group,Y,8.7.1,080701,27/Nov/2013,,CAM_,Y,,N,,    96,,,CAM_SRG,N,P,CAM04,SPR,<<SRG_SPRC>>,CAM_SRG,StudentModuleResultGroups,StudentModuleResultGroup,,,
CAMS,SRG1,SRG,Student Module Result Group,N,8.6.1,080601,08/Nov/2012,,CAM_,,,,,,,,CAM_SRG,N,,CAM04,,,,,,,,
CAMS,SRH,SRH,Student Programme Route History,Y,9.6.0,090600,25/Oct/2017,,CAM_,Y,,N,,   635,,,CAM_YSVC_S,N,P,CAM01,SPR,<<SRH_SPRC>>,CAM_SRH,StudentProgrammeRouteHistories,StudentProgrammeRouteHistory,,,This entity is used to log changes to a student's programme route.
CAMS,SRH1,SRH,CAMS SPR Route History,N,8.5.0,080500,22/Sep/2011,,CAM_,,,,,,,,CAM_SRH,N,,CAM01,,,,,,,,
CAMS,SRK,SRK,Student Rank Allocation,Y,10.4,100400,14/Jan/2022,,CAM_,N,,N,,    84,,,CAM_SRK,N,P,CAM37,SPR,<<SRK_SPRC>>,CAM_SRK,StudentRankAllocations,StudentRankAllocation,,,
CAMS,SRM,SRM,Student Retake Module,Y,8.2.0,080200,17/Jul/2008,,CAM_,Y,,N,,    83,,,CAM_YSVC_S,N,P,CAM44,SPR,<<SRM_SPRC>>,CAM_SRM,StudentRetakeModules,StudentRetakeModule,,,
CAMS,SRO,SRO,Student Diet Rule Over.,Y,10.0,100000,26/Feb/2020,,CAM_,Y,,N,,    84,,,CAM_SRO,N,P,CAM02,SPR,<<SRO_SPRC>>,CAM_SRO,StudentDietRuleOvers,StudentDietRuleOver,,,The Student Diet Rule Override (SRO) table can be used to override minimum and maximum values on a Prescribed Diet Rule Value record for individual students
CAMS,SRQE,SRQE,Student Re-assessment Question Element,Y,9.2.0,090200,10/Feb/2016,,CAM_,Y,,N,,   743,,,CAM_SRQE,N,C,CAM29,MST,?<<SRQE_MSTC>>,CAM_SRQE,StudentReassessmentQuestionElements,StudentReassessmentQuestionElement,,,
CAMS,SRQE1,SRQE,Student Re-assessment Question Element,N,8.6.1,080601,08/Nov/2012,,CAM_,,,,,,,,CAM_SRQE,N,,CAM29,,,,,,,,
CAMS,SRQL,SRQL,Student Re-assessment Question Log,Y,9.2.0,090200,04/Feb/2016,,CAM_,Y,D,N,,   690,,,CAM_SRQL,N,C,CAM04,PRS,?<<SRQL_PRSC>>,CAM_SRQL,StudentReassessmentQuestionLogs,StudentReassessmentQuestionLog,,,"The Student Re-assessment Question Log (SRQL) entity is used to record the receipting of re-assessment questions. The structure is very similar to the Student Re-Assessment Log (SRR) records which are used for the receipting at the assessment level. SRQL records are generated via process module results (SAS option 8, RAS option 6, TMR etc.)."
CAMS,SRQL1,SRQL,Student Re-assessment Question Log,N,8.6.1,080601,08/Nov/2012,,CAM_,,,,,,,,CAM_SRQL,N,,CAM04,,,,,,,,
CAMS,SRQS,SRQS,Student Re-assessment Question Section,Y,9.1.0,090100,30/Sep/2015,,CAM_,Y,,N,,   580,,,CAM_SRQS,N,C,CAM29,,,CAM_SRQS,StudentReassessmentQuestionSections,StudentReassessmentQuestionSection,,,
CAMS,SRQS1,SRQS,Student Re-assessment Question Section,N,8.6.1,080601,08/Nov/2012,,CAM_,,,,,,,,CAM_SRQS,N,,CAM29,,,,,,,,
CAMS,SRR,SRR,Student Reassess Received Log,Y,9.2.0,090200,26/Jan/2016,,CAM_,Y,,N,,   702,,,CAM_YSVC_S,N,P,CAM04,SPR,<<SPR_CODE>>,CAM_SRR,StudentReassessReceivedLogs,StudentReassessReceivedLog,,,
CAMS,SRR1,SRR,Student Reassess Received Log,N,5.2,050200,16/Jul/2000,,CAM_,,,,,,,,CAM_YSVC_S,N,U,CAM04,,,,,,,,
CAMS,SRRN,SRRN,Student ReAssessment Received Notes,Y,9.6.0,090600,14/Feb/2018,3,CAM_,N,,N,    20,   549,,,CAM_YSVC_S,N,P,CAM04,SPR,<<SPR_CODE>>,CAM_SRRN,StudentReAssessmentReceivedNotes,StudentReAssessmentReceivedNote,,,
CAMS,SRRN1,SRRN,Student ReAssessment Received Notes,N,5.2,050200,16/Jul/2000,,CAM_,,,,,,,,CAM_YSVC_S,N,U,,,,,,,,,
CAMS,SRW,SRW,Student Rule Waiver,Y,8.8.1,080801,04/Feb/2015,,CAM_,Y,,,,   686,,,CAM_SRW,N,S,CAM42,SPR,<<SRW_SPRC>>,CAM_SRW,StudentRuleWaivers,StudentRuleWaiver,,,"Student Rule Waivers (SRW) are used to identify different types of student rules to be waived during the Module Registration Process. MMR, PDV and Diet Rules are all examples of rules that may be waived."
CAMS,SSC,SSC,Selection Status Collection,Y,10.6,100600,21/Sep/2022,,CAM_,Y,,N,,   121,,,CAM_SSC,N,V,CAM01,,,CAM_SSC,,,,,
CAMS,SSE,SSE,Selection Status Element,Y,5.2,050200,27/Sep/2000,,CAM_,Y,,N,,    15,,,CAM_SSE,N,C,CAM01,,,CAM_SSE,,,,,
CAMS,SSL1,SSL,Student Slot,N,3.7,030700,18/Jan/1996,,CAM_,,,,,,,,CAM_SSL,N,U,CAM08,,,,,,,,
CAMS,SSM,SSM,Student Selection Module Rule Result,Y,10.5,100500,25/May/2022,,CAM_,Y,D,N,,  1095,,,CAM_SSM,N,P,CAM02,SPR,<<SSM_SPRC>>,CAM_SSM,StudentSelectionModuleRuleResults,StudentSelectionModuleRuleResult,,,The Student Selection Module Rule Result (SSM) record is used to record the outcomes from the Module Module Rule Validation (XMMR) process.
CAMS,SSN,SSN,Student schedule number,Y,9.8.0,090800,21/Jan/2019,5,CAM_,Y,,N,  3091,  2118,    50,,CAM_SSN,N,P,CAM02,SPR,<<SSN_SPRC>>,CAM_SSN,StudentScheduleNumbers,StudentScheduleNumber,,,"This table records the number of modules to be scheduled for a student during a particular year and period. Users need only specify the ""Number of Modules"", if the student is to be scheduled onto a different number of modules from the default number on the Student Scheduling screens (taken from SYP CAM02_04). There is a notes field to define reasons for differences etc. SSN is also required for the module registration facility on e:Vision. If necessary, create the SSN records via the POG SI_SCH (Student Scheduling utilities). The Registration Status is updated by the module registration process, to indicate if the selections have been entered (ENT) or confirmed (CON)."
CAMS,SSN1,SSN,Student schedule number,N,4.3,040300,22/Oct/1998,,CAM_,,,,,,,,CAM_SSN,N,U,CAM02,,,,,,,,
CAMS,STC,STC,Student Status (STS) Collection,Y,,,31/Jan/2020,,CAM_,Y,S,N,,    78,,,CAM_STC,N,V,MEN01,NOTMST,,CAM_STC,,,,,This is the header record for collections of Student Status (STS) records.
CAMS,STC1,STC,Sch Timetable Constraints,N,7.2.0,070200,09/Sep/2004,,CAM_,,,,,,,,,N,U,CAM17,,,,,,,,
CAMS,STC2,STC,Sch Timetable Constraints,N,7.2.0,070200,09/Sep/2004,,CAM_,,,,,,,,,N,U,CAM17,,,,,,,,
CAMS,STE,STE,Student Status Collection Element,Y,10.0,100000,31/Jan/2020,,CAM_,Y,S,N,,    18,,,CAM_STE,N,V,MEN01,NOTMST,,CAM_STE,,,,,This is the element record for the collection of Student Status (STS) records.
CAMS,STF,STF,Site facilities,Y,7.2.1,070201,16/Mar/2005,,CAM_,Y,,N,,   298,,,CAM_STF,N,C,CAM12,MST,?<<STF_MSTC>>,CAM_STF,,,,,
CAMS,STF1,STF,Site facilities,N,8.1.1,080101,18/Apr/2008,,CAM_,,,,,,,,CAM_STF,,U,CAM12,,,,,,,,
CAMS,STK,STK,Student Tasks,Y,8.2.0,080200,19/Aug/2008,,CAM_,Y,,N,,   272,,,CAM_STK,N,C,CAM01,SPR,,CAM_STK,StudentTasks,StudentTask,,,"This entity records information about student tasks, which are used during the exam tracking process. These records can be created during the 'Create Student Exam Question Records' and 'Student Assessment Marks' processes."
CAMS,STK1,STK,Student Tasks,N,8.2.1,080201,23/Feb/2009,,CAM_,,,,,,,,CAM_STK,,U,CAM01,,,,,,,,
CAMS,STKN,STKN,Student Task notes,Y,4.2,040200,20/Nov/1997,3,CAM_,N,,N,,    22,,,CAM_STKN,N,C,CAM01,,,CAM_STKN,,,,,
CAMS,STM,STM,Site Contact MST,Y,7.2.1,070201,16/Mar/2005,,CAM_,Y,,N,,    50,,,CAM_STM,N,C,CAM12,MST,?<<STM_MSTC>>,CAM_STM,,,,,
CAMS,STO,STO,Student Topic Options,Y,8.2.0,080200,19/Aug/2008,,CAM_,Y,,N,,   102,,,CAM_YSVC_S,N,P,CAM01,SPR,<<SPR_CODE>>,,StudentTopicOptions,StudentTopicOption,,,Records the actual topic options to which a student has been assigned.  The details in this table are generated automatically as a consequence of the assign student process.  The data for this table would not normally be entered manually.  Any editing of the details must be treated with extreme caution.
CAMS,STO1,STO,Student Options,N,3.7,030700,18/Jan/1996,,CAM_,,,,,,,,CAM_YSVC_S,N,U,,,,,,,,,
CAMS,STS,STS,Student Status,Y,10.6,100600,21/Sep/2022,,INS_,Y,,D,     5,   124,,,CAM_STS,N,C,MEN01,,,CAM_STS,,,,,Defines the status of a student within CAMS. This is a system table which should only be altered with extreme caution.
CAMS,STSA,STS,Student Status Table,N,3.7,030700,18/Jan/1996,,INS_,,,,,,,,CAM_YSVC_S,N,U,,,,,,,,,
CAMS,STU,STU,Student Detail,Y,9.4.0,090400,19/Jan/2017,,INS_,Y,,N,,  3814,,,CAM_YSVC_S,N,P,SRS01,STU,<<STU_CODE>>,SRS_STU_B,,,,,Defines general personal details about a student for reference and correspondence purposes. This corresponds to the STU data provided by the Students Records System. The data cannot be amended here and automatically update SRS. Any amendments should be made to the master student records system. 
CAMS,STU1,STU,Student Detail,N,3.7,030700,18/Jan/1996,,INS_,,,,,,,,CAM_YSVC_S,N,U,,,,,,,,,
CAMS,STU2,STU,Student,N,7.1.1,070101,26/Mar/2004,,INS_,,,,,,,,,N,U,,,,,,,,,
CAMS,SUB,SUB,Subject,Y,8.2.0,080200,17/Jul/2008,,INS_,Y,,N,   242,   803,,,CAM_SUB,N,C,MEN01,,,CAM_SUB,,,,,"Defines broad subject areas which are used to classify a member of staff's field expertise in their Teaching Capability record. The table is also used to classify subject areas according to externally defined criteria. From these, subject management reports for external use can then be generated. Users are advised to define broad subject areas to which staff can be allocated within their teaching capability record as well as specialist areas. The subject range should be such that the divisions represent levels at which staff resources can be considered suitable for teaching purposes. Example using History Social & General Ancient European Intellectual History History History History In the above example staff teaching any of the specialised subjects could teach General History. Similarly Staff teaching Social & Intellectual History could theoretically make some input to the period based subjects. This ensures optimum use of all staff resources."
CAMS,SUS,SUS,Assessment Submission Status,Y,10.6,100600,21/Sep/2022,,CAM_,Y,,N,,   675,,,CAM_SUS,N,C,CAM04,,,CAM_SUS,,,,,
CAMS,SUS1,SUS,Assessment Submission Status,N,7.1.1,070101,29/Mar/2004,,CAM_,,,,,,,,CAM_SUS,,U,CAM04,,,,,,,,
CAMS,SWA,SWA,Student Workload Adjustment,Y,9.3.0,090300,04/Jul/2016,,CAM_,Y,,,,   136,,,CAM_SWA,N,,CAM46,STU,<<SWA_STUC>>,CAM_SWA,StudentWorkloadAdjustments,StudentWorkloadAdjustment,,,This screen holds a workload adjustment for a student ( either for an entire STU or a specific SPR record)
CAMS,TAP,TAP,TAP Card Reader Instance,Y,8.5.1,080501,15/Dec/2011,,CAM_,Y,D,G,,   680,,,CAM_TAP,N,S,CAM14,,,CAM_TAP,,,,,"The TAP entity records every 'TAP' or swipe of an individuals registration card, recording key data such as date, time, Card Id, and Card Reader Id."
CAMS,TAP1,TAP,TAP Card Reader Instance,N,8.6.0,080600,20/Sep/2012,,CAM_,,,,,,,,CAM_TAP,,U,CAM14,,,,,,,,
CAMS,TCO,TCO,Timetable Constraint,Y,10.6,100600,21/Sep/2022,,CAM_,Y,D,N,,   990,,,CAM_TCO,N,S,CAM02,NOTMST,,CAM_TCO,,,,,TCO allows for the configuration of Timetable Constraints for Module Scheduler.
CAMS,TCO1,TCO,Timetable Constraint,N,9.4.0,090400,03/Apr/2017,,CAM_,,,,,,,,CAM_TCO,N,,CAM39,,,,,,,,
CAMS,TCO2,TCO,Timetable Constraint,N,8.7.1,080701,15/Oct/2013,,CAM_,,,,,,,,CAM_TCO,N,,CAM39,,,,,,,,
CAMS,TEL,TEL,Topic Element,Y,9.1.0,090100,20/Apr/2015,,CAM_,Y,,N,   900,   412,,,CAM_TEL1,N,C,CAM01,,,CAM_TEL,,,,,"Defines how a particular topic is to be taught. This may be a combination of methods, in which case there will be two topic element records for the one topic record."
CAMS,TEL1,TEL,Topic Element Table,N,6.1,060100,24/Sep/2001,,CAM_,,,,,,,,CAM_TEL,N,U,CAM01,,,,,,,,
CAMS,TEL2,TEL,Topic Element Table,N,9.3.0,090300,07/Sep/2016,,CAM_,,,,,,,,CAM_TEL,,,CAM01,,,,,,,,
CAMS,TEP,TEP,Topic Element Pattern,Y,10.6,100600,21/Sep/2022,,CAM_,Y,,D,     9,   221,,,CAM_TEP,N,C,CAM01,,,CAM_TEP,,,,,"Defines patterns for topic elements which are used on a frequent basis. The topic element defines how a particular topic is taught. The pattern contains all the information required so that when creating a topic element record you can call up a pattern when in the Copy Pattern field, thus saving time and reducing the possibility for error during input."
CAMS,TFR,TFR,TEL Facility Requirements,Y,10.0,100000,20/Dec/2019,,CAM_,Y,,N,,   162,,,CAM_YSVC_T,N,C,CAM01,,,CAM_TFR,,,,,
CAMS,TGE,TGE,Timetable tran grp elmts,Y,7.2.1,070201,21/Mar/2005,,CAM_,Y,,N,,    99,,,CAM_TGE,N,C,CAM02,MST,?<<TGE_MSTC>>,CAM_TGE,,,,,This table is used to link the Translation (TTR) records to the Translation Group (TTG) records. It is also used in conjunction with Master Record Timetable Value (MTV) records to define the records viewed in the Translation Group (TTG) on a user basis.
CAMS,TGE1,TGE,Timetable tran grp elmts,N,8.2.1,080201,23/Feb/2009,,CAM_,,,,,,,,CAM_TGE,,U,CAM02,,,,,,,,
CAMS,TGP,TGP,Timetable Group Profile,Y,10.6,100600,21/Sep/2022,,CAM_,Y,,N,,   439,,,CAM_TGP,N,C,CAM02,,,CAM_TGP,,,,,This table defines the retrieve profile information that is requested upon running each of the options within Timetable Translation Group (TTG).
CAMS,TGP1,TGP,Timetable Group Profile,N,7.2.1,070201,05/Apr/2005,,CAM_,,,,,,,,,,U,,,,,,,,,
CAMS,TIM,TIM,Time,Y,3.5.2,030502,01/Jan/1995,,CAM_,Y,,D,,    22,,,CAM_YSVC_T,N,C,,,,,,,,,Defines the names of the working days and their individual start and end times.
CAMS,TMR,TMR,Time Reference,Y,10.6,100600,21/Sep/2022,,CAM_,Y,,D,     2,   121,,,CAM_TMR,N,V,CAM01,,,CAM_TMR,,,,,Defines different types of time which are fundamental to the concept of concurrent and simultaneous teaching events which are used in the generate events process. This is a system table which should not be changed by the user.  The codes used in this table may also be required by other administrative systems within the institution. It is essential therefore that there is a universal agreement on the structure and definition of each code. 
CAMS,TMR1,TMR,Time Reference Table,N,3.7,030700,03/Jul/1996,,CAM_,,,,,,,,CAM_TMR,N,U,CAM01,,,,,,,,
CAMS,TMT,TMT,TAP Card Id, MST Link,Y,8.5.1,080501,15/Dec/2011,,CAM_,Y,D,G,,    85,,,CAM_TMT,N,S,CAM14,MST,?<<TMT_MSTC>>,CAM_TMT,,,,",The TMT entity links Individuals (via MST code) to Id card(s) they are provided with."
CAMS,TMT1,TMT,TAP Card Id, MST Link,N,8.6.0,080600,20/Sep/2012,,CAM_,,,,,,,,CAM_TMT,,U,CAM14,,,,,,,
CAMS,TOC,TOC,Topic Collection,Y,10.6,100600,21/Sep/2022,,CAM_,Y,,N,,   128,,,CAM_TOC,N,V,CAM01,,,CAM_TOC,,,,,
CAMS,TOE,TOE,Topic Collection Elements,Y,8.1.1,080101,19/Feb/2008,,CAM_,Y,,N,,    27,,,CAM_TOE,N,C,CAM01,,,CAM_TOE,,,,,
CAMS,TOE1,TOE,Topic Collection Elements,N,8.6.0,080600,03/Oct/2012,,CAM_,,,,,,,,CAM_TOE,,U,CAM01,,,,,,,,
CAMS,TOP,TOP,Topic,Y,10.6,100600,21/Sep/2022,,CAM_,Y,,N,   676,   637,,,CAM_TOP,N,C,CAM01,,,CAM_TOP,,,,,Defines the separate subjects to be taught within the module; one subject constitutes one topic and therefore one entry in the table.
CAMS,TOP1,TOP,copy TOP,N,3.7,030700,18/Jan/1996,,CAM_,,,,,,,,CAM_TOP,N,U,CAM01,,,,,,,,
CAMS,TOP2,TOP,Topic Table,N,9.3.0,090300,07/Sep/2016,,CAM_,,,,,,,,CAM_TOP,,,CAM01,,,,,,,,
CAMS,TPE,TPE,Timetable Profile Element,Y,,,18/Jan/2005,,CAM_,Y,,N,,   302,,,CAM_TPE,N,C,CAM02,,,CAM_TPE,,,,,"This table links each Translation Group Profile (TGP) record to a Translation (TTR) record and a specific field on the Entity, defined in the TTR. Note: The TTR still needs to be defined in the TGE record in order for it to be shown in the timetable."
CAMS,TPE1,TPE,Timetable Profile Element,N,7.2.1,070201,05/Apr/2005,,CAM_,,,,,,,,,,U,,,,,,,,,
CAMS,TPP,TPP,Teaching Personnel Property,Y,7.2.0,070200,31/Aug/2004,3,CAM_,N,,N,,    36,    50,,CAM_YSVC_T,N,C,,,,,,,,,
CAMS,TPP1,TPP,Teaching Personnel Property,N,3.8,030800,18/Nov/1996,,CAM_,,,,,,,,CAM_YSVC_T,N,U,,,,,,,,,
CAMS,TPR,TPR,TEL Personnel Requirements,Y,10.0,100000,20/Dec/2019,,CAM_,Y,,N,,   601,,,CAM_YSVC_T,N,C,CAM01,,,CAM_TPR,,,,,
CAMS,TPS,TPS,Timetable Preferred Slot,Y,8.8.1,080801,28/Nov/2014,,CAM_,Y,,,,    39,,,CAM_TPS,N,,CAM39,,,CAM_TPS,,,,,"For use in Module Scheduler, the TPS entity holds a series of Day Slot (DYS) records linked to a Timetable Constraint (TCO) record."
CAMS,TRM,TRM,TAP Card Reader, Room Link,Y,9.4.0,090400,15/Nov/2016,,CAM_,Y,D,G,,    66,,,CAM_TRM,N,S,CAM14,,,CAM_TRM,,,,",The TRM Entity links ID Card Readers to the rooms in which they are situated."
CAMS,TRR,TRR,Topic Room Requirements,Y,10.0,100000,20/Dec/2019,,CAM_,Y,,N,,   603,,,CAM_YSVC_T,N,C,CAM01,,,CAM_TRR,,,,,
CAMS,TRS,TRS,Timetable Constraint Room Split (TRS),Y,9.4.0,090400,15/Nov/2016,,CAM_,Y,,,,    29,,,CAM_TRS,N,,CAM39,,,CAM_TRS,,,,,Timetable Constraint Room Split (TRS) records can be used to determine the preferred and maximum number of rooms that can be used for a room split.
CAMS,TSL,TSL,Time Slot,Y,3.8,030800,18/Nov/1996,,CAM_,Y,,N,,    32,,,CAM_YSVC_T,N,C,,,,,,,,,
CAMS,TSL1,TSL,Time slot,N,3.8,030800,18/Nov/1996,,CAM_,,,,,,,,CAM_YSVC_T,N,U,,,,,,,,,
CAMS,TTC,TTC,Translation Colour,Y,10.6,100600,21/Sep/2022,,CAM_,Y,,N,,   365,,,CAM_TTC,N,C,CAM02,,,CAM_TTC,,,,,"This table defines the colours that are available for different aspects of the timetable, and where they should be applied. The TTC Code is matched against the value of the TTR colour use field, therefore giving the colour for the HTML timetable."
CAMS,TTG,TTG,Timetable Translation Grp,Y,10.6,100600,21/Sep/2022,,CAM_,Y,,N,,  1333,,,CAM_TTG,N,C,CAM02,,,CAM_TTG,,,,,This table defines groups of Translation (TTR) records that are available to each group of users. The record also holds the defaults detailing how the record is viewed.
CAMS,TTP,TTP,Timetable Translation Priority,Y,7.2.1,070201,21/Mar/2005,,CAM_,Y,,N,,   507,,,CAM_TTP,N,C,CAM02,,,CAM_TTP,,,,,This table indicates the priority that individual records will be given when creating the timetable. Driving records will always be shown in place of driven records when showing the same data in a slot. The process will assume a link when the value of the driving key matches that of the driven key.
CAMS,TTR,TTR,Timetable Translation,Y,10.6,100600,21/Sep/2022,5,CAM_,N,,N,    15,  2767,,,CAM_TTR,N,C,CAM02,,,CAM_TTR,,,,,Timetable Translation is used to translate the fields of an entity that a user wishes to show in the timetable.
CAMS,TTV,TTV,Timetable Version,Y,10.6,100600,21/Sep/2022,,CAM_,Y,,,,   651,,,CAM_TTV,N,S,CAM02,,,CAM_TTV,,,,,The Timetable Version (TTV) record defines the version of a timetable. It holds Timetable Constraint (TCO) records as well as information regarding the start and end times of the Timetable. This table is linked to the Timetable Model (TTM) record through the Timetable Version Link (TVL) record.
CAMS,TUS,TUS,Time Usability Status,Y,10.6,100600,21/Sep/2022,,CAM_,Y,,D,     1,   121,,,CAM_TUS,N,C,CAM01,,,CAM_TUS,,,,,Defines different types of time usage employed in the system. The system does not currently use this table to the full and its expansion is reserved for the future. This is a system table which should not be changed by the user. 
CAMS,UAB,UAB,Unavailability blocks,Y,,,01/Nov/2002,,CAM_,Y,,D,     5,    34,,,CAM_UAB,N,C,CAM01,,,CAM_UAB,,,,,"This table defines blocks of time when students may be unavailable for study. It is used by the top level Student Module Selections (SMS) screen when both selections and unavailability can be defined at the same time. The SMS screen is an alternative to the Student Module Selections and Student Unavailability screens accessed individually via the ""Other"" menu option in SPR. This method of input may be useful for inputting selections for students on similar but not necessarily identical patterns of study. It also has the advantage that it is not year/period specific and can be used over and over again, unlike the unavailability pattern (UAP,UAP>UAE) records which are time specific. Unavailability can be defined in terms of time and/or location."
CAMS,UAE,UAE,Unavailability Pattern Element,Y,7.2.1,070201,21/Mar/2005,,CAM_,Y,,N,,    61,,,CAM_YSVC_U,N,C,CAM01,,,,,,,,Defines the individual time and location details which make up an unavailability record.
CAMS,UAP,UAP,Unavailability Pattern,Y,10.6,100600,21/Sep/2022,,CAM_,Y,,N,     4,   121,,,CAM_UAP,N,V,CAM01,,,CAM_UAP,,,,,"Defines patterns of unavailability which may be used on a regular basis or for large numbers of students. Patterns reduce the amount of keying in of data required for each student's unavailability record. This may be particularly useful where modules are offered during day and evening and there are students who can only attend in the evening. Unavailability patterns can be used to make students unavailable at a particular location for the full extent of the week. This would be done by entering the first day of the teaching week in the Start Day field and the last day in the End Day field, followed by the start and end times of the teaching day, followed by the location which is to be unavailable for the specified time."
CAMS,VAG,VAG,Validating Body External Grades,Y,6.2.1,060201,05/Mar/2003,,CAM_,Y,,D,,    94,,,CAM_YSVC_V,N,C,CAM01,,,,,,,,"Defines the conversion of marks and grades used in CAMS for module results and assessments into marks and grades used by external validating bodies such as BTEC. This table is used to make conversions from one marking system to another in intermediate, final transcripts and notification of performance reports."
CAMS,VAL,VAL,Validating Body,Y,10.6,100600,21/Sep/2022,,INS_,Y,,D,    26,   610,,,CAM_VAL,N,C,MEN01,,,CAM_VAL,,,,,Defines the different validating bodies used for the conferment of awards. The types of qualifications that can be obtained from the validating body are defined by the Qualification table which can only be accessed via the Validating Body table. 
CAMS,VAW,VAW,Variable assessment weighting,Y,7.2.0,070200,20/Oct/2004,,CAM_,Y,,N,,    26,,,CAM_VAW,N,C,CAM04,,,CAM_VAW,,,,,"Variable Assessment Weighting. Alternative method in calculating the module result. Can choose or exclude assessment marks and choose a different weighting for the assessment chosen. The marks collected for calculation are held in descending order. Also qualifying set can be used to combine assessments to one whole assessment mark. Assessment Group included so that VAW calculation will only take effect for a given group. Note all weighting must add up to 100%, for those in a group must also add up to 100% Example ; Only take the two lowest mark with 50% each, from four possible assessment. Setup VAW records as follows. Sequence Weighting 001 0% 002 0% 003 50% 004 50%"
CAMS,VBL,VBL,Validating Body Level,Y,4.1,040100,02/Oct/1997,,CAM_,Y,,N,,    28,,,CAM_YSVC_V,N,C,CAM01,,,,,,,,Defines the external levels used for the validating body for the conversion of the internal levels used in the system. Conversion Credit Factor to change the current level of credits.
CAMS,VCE,VCE,VCM exceptions for Events,Y,8.2.0,080200,17/Jul/2008,,CAM_,Y,,N,,   105,,,CAM_VCE,N,C,CAM02,,,CAM_VCE,,,,,
CAMS,VCE1,VCE,VCM exceptions for Events,N,7.2.0,070200,09/Sep/2004,,CAM_,,,,,,,,CAM_VCE,,U,CAM02,,,,,,,,
CAMS,VCM,VCM,Valid Course and Modules,Y,8.2.0,080200,17/Jul/2008,,CAM_,Y,,N,,   112,,,CAM_VCM,N,C,CAM02,,,CAM_VCM,,,,,
CAMS,VPR,VPR,Validate Programme Results,Y,7.2.1,070201,21/Mar/2005,1,CAM_,Y,D,T,   104,  2006,    50,,CAM_VPR,N,I,CAM03,,,CAM_VPR,,,,,
CAMS,VRE,VRE,Route Switch Elements,Y,5.1,050100,13/Aug/1999,,CAM_,Y,,N,,    39,,,CAM_VRE,N,C,CAM01,,,CAM_VRE,,,,,
CAMS,VRS,VRS,Valid Route Switch,Y,8.7.1,080701,03/Mar/2014,,CAM_,Y,,N,,   497,,,CAM_VRS,N,C,CAM01,,,CAM_VRS,,,,,
CAMS,WAC,WAC,WASP Assessment Constraint,Y,9.5.0,090500,21/Jun/2017,,CAM_,Y,,,,   917,,,CAM_WAC,N,,CAM08,MST,<<WAC_MSTC>>,CAM_WAC,WASPAssessmentConstraints,WASPAssessmentConstraint,,,
CAMS,WAC1,WAC,WASP Assessmnt Constraint,N,8.8.0,080800,24/Sep/2014,,CAM_,,,,,,,,CAM_WAC,,,CAM08,,,,,,,,
CAMS,WAE,WAE,Assessment to Schedule Element,Y,10.5,100500,13/Sep/2022,,CAM_,Y,D,G,,   177,,,CAM_WAE,N,C,CAM08,NOTMST,,CAM_WAE,,,,,The Assessment to Schedule Element record is a list of the associated assessment data that has been used to create the parent Assessment to Schedule (WAS) record. This record is automatically maintained as part of the Generate Assessment and Reload processes within Exam Scheduling.
CAMS,WAH,WAH,Warehouse,Y,10.6,100600,21/Sep/2022,,CAM_,Y,,N,,   127,,,CAM_WAH,N,V,CAM13,,,CAM_WAH,,,,,Warehouse Table Primary use for Learning Materials
CAMS,WAL,WAL,Assessment to Schedule Element Link,Y,10.7,100700,30/Aug/2023,,CAM_,Y,D,G,,   122,,,CAM_WAL,N,C,CAM08,NOTMST,,CAM_WAL,,,,,The Assessment to Schedule Element Link (WAL) record is used to link an Assessment Person (WAP) with an Assessment to Schedule Element (WAE) record. This ensures a link between the Assessment Person (WAP) (a record to denote that a person is to be scheduled on a particular paper) and the module assessment(s) held in WAE that the person is undertaking that require that paper.
CAMS,WAP,WAP,Assessment Person,Y,10.6,100600,14/Dec/2022,,CAM_,Y,,,,   772,,,CAM_WAP,N,,CAM08,SPR,?<<WAP_SPRC>>,CAM_WAP,AssessmentPersons,AssessmentPerson,,,"The Assessment Person (WAP) screen holds the person related data for WAS such as MST, STU and SPR code."
CAMS,WAP1,WAP,Assessment Person,N,9.3.0,090300,07/Sep/2016,,CAM_,,,,,,,,CAM_WAP,,,CAM08,,,,,,,,
CAMS,WAR1,WAR,Windows Assessment Reqs,N,8.7.1,080701,21/Mar/2014,,CAM_,,,,,,,,CAM_WAR,,,CAM08,,,,,,,,
CAMS,WARF,WARF,WAR Facilities,Y,9.4.0,090400,30/Sep/2016,,CAM_,Y,,N,,   583,,,CAM_WARF,N,P,CAM08,MST,<<WARF_MSTC>>,CAM_WARF,WARFacilitiess,WARFacilities,,,Windows Assessment Requirements Facilities Records  This table holds information about a student's exam requirements so that these requirements can be taken into account when scheduling exams.  The requirement (WARF) records are linked to the student's Windows Assessment Requirements (WAR) record.
CAMS,WARF1,WARF,WAR Facilities,N,8.7.1,080701,21/Mar/2014,,CAM_,,,,,,,,CAM_WARF,,,CAM08,,,,,,,,
CAMS,WAS,WAS,Assessment to Schedule,Y,10.0,100000,25/Oct/2019,5,CAM_,N,,N,   629,  2907,,,CAM_WAS,N,C,CAM08,,,CAM_WAS,,,,,"The assessments to schedule records can be reviewed and minor modifications made if the requirements are not yet met. Individual invigilators can be added to Assessment to Schedule (WAS) records, which effectively assigns an invigilator to a module."
CAMS,WAS1,WAS,Assessment to Schedule,N,4.3,040300,02/Dec/1998,,CAM_,,,,,,,,CAM_YSVC_W,N,U,,,,,,,,,
CAMS,WAS2,WAS,Assessment to Schedule,N,7.1.1,070101,26/Mar/2004,,CAM_,,,,,,,,,N,U,,,,,,,,,
CAMS,WAS3,WAS,Assessment to Schedule,N,7.1.1,070101,26/Mar/2004,,CAM_,,,,,,,,,N,U,,,,,,,,,
CAMS,WJR,WJR,Assessment Job Requirements,Y,10.6,100600,21/Sep/2022,,CAM_,Y,,,,   127,,,CAM_WJR,N,V,CAM18,,,CAM_WJR,,,,,"The Assessment Job Requirements (WJR) holds Institution-defined roles, which can be assigned to rooms to indicate requirements"
CAMS,WKP,WKP,Week Pattern,Y,8.8.1,080801,13/Mar/2015,,CAM_,Y,,,,   219,,,CAM_WKP,N,V,CAM39,,,CAM_WKP,,,,,The Week Pattern (WKP) table holds the unique week ranges defined in Topic Element (TEL) and Frequency Element (FQE) for the Academic Year. This information is then sent to the Module Scheduler.
CAMS,WKP1,WKP,Week Pattern,N,8.6.1,080601,08/Nov/2012,,CAM_,,,,,,,,CAM_WKP,N,,CAM39,,,,,,,,
CAMS,WRM,WRM,Ass. Room Near Match,Y,9.5.0,090500,31/Aug/2017,,CAM_,Y,D,G,,    31,,,CAM_WRM,N,S,CAM08,,,CAM_WRM,,,,,The Assessment Room Near Match record is used by the exam scheduling process to find Rooms within a certain range of Student numbers.  When no records exist the process will look for an exact match between the seats available and the seats required.
CAMS,WRM1,WRM,Ass. Room Near Match,N,8.4.1,080401,31/Mar/2011,,CAM_,,,,,,,,CAM_WRM,,U,CAM09,,,,,,,,
CAMS,WRS,WRS,Assessment Room Splits,Y,8.2.0,080200,11/Jul/2008,,CAM_,Y,,N,,    29,,,CAM_WRS,N,C,CAM08,,,CAM_WRS,,,,,"The Room Splits (WRS) facility is used to determine the maximum number of rooms over which an individual module, within an assessment profile, can be split"
CAMS,WRS1,WRS,Assessment Room Splits,N,7.2.1,070201,05/Apr/2005,,CAM_,,,,,,,,,,U,,,,,,,,,
CAMS,WSC,WSC,Assessment Scheduling Criteria,Y,10.6,100600,21/Sep/2022,,CAM_,Y,,N,,   706,,,CAM_WSC,N,C,CAM08,,,CAM_WSC,,,,,"The scheduling constraints table defines specific sets of controls, which can then be applied to scheduling profiles, assessment slots, and scheduling profile elements"
CAMS,WSC1,WSC,Assessment Sch Criteria,N,8.3.1,080301,18/Mar/2010,,CAM_,,,,,,,,CAM_WSC,N,U,CAM08,,,,,,,,
CAMS,WSC2,WSC,Assessment Sch Criteria,N,8.3.1,080301,18/Mar/2010,,CAM_,,,,,,,,CAM_WSC,N,U,CAM08,,,,,,,,
CAMS,WSC3,WSC,Assessment Sch Criteria,N,8.6.1,080601,08/Nov/2012,,CAM_,,,,,,,,CAM_WSC,N,,CAM08,,,,,,,,
CAMS,WSC4,WSC,Assessment Sch Criteria,N,8.6.1,080601,08/Nov/2012,,CAM_,,,,,,,,CAM_WSC,N,,CAM08,,,,,,,,
CAMS,WSD,WSD,Slot Definition,Y,10.0,100000,25/Oct/2019,,CAM_,Y,,N,,   593,,,CAM_WSD,N,C,CAM08,,,CAM_WSD,,,,,Assessment Slot Definitions holds template records from which slots will be generated.
CAMS,WSD1,WSD,Slot Definition,N,7.1.1,070101,26/Mar/2004,,CAM_,,,,,,,,,N,U,,,,,,,,,
CAMS,WSE,WSE,Slot Definition,Y,10.6,100600,09/Dec/2022,,CAM_,N,,N,,  2237,,,CAM_WSE,N,C,CAM08,,,CAM_WSE,,,,,"The Element record instructs the scheduler which assessments need to be included in the timetable. The element record also attaches further constraints upon the exams it picks up, such as a specific range of slots, or dates, that the exam has to be placed into. The element record is also one of the places that an alternative set of constraints or a room collection can be added."
CAMS,WSE1,WSE,Slot Definition,N,7.1.1,070101,26/Mar/2004,,CAM_,,,,,,,,,N,U,,,,,,,,,
CAMS,WSG1,WSG,Assessment Slot Gap,N,7.1.1,070101,26/Mar/2004,,CAM_,,,,,,,,,N,U,,,,,,,,,
CAMS,WSI1,WSI,WASP Sched Invigilator,N,8.3.1,080301,18/Mar/2010,,CAM_,,,,,,,,,N,U,,,,,,,,,
CAMS,WSID1,WSID,WASP Invigilator Distrib,N,8.3.1,080301,18/Mar/2010,,CAM_,,,,,,,,,,U,,,,,,,,,
CAMS,WSJ1,WSJ,WASP Invigilator Jobs,N,8.3.1,080301,18/Mar/2010,,CAM_,,,,,,,,,,U,,,,,,,,,
CAMS,WSL,WSL,Assessment Slot,Y,10.7,100700,23/Aug/2023,,CAM_,Y,,N,,   166,,,CAM_WSL,N,C,CAM08,,,CAM_WSL,,,,,The slots into which the examinations will be scheduled
CAMS,WSL1,WSL,WSL SLOT,N,4.3,040300,02/Dec/1998,,CAM_,,,,,,,,CAM_YSVC_W,N,U,,,,,,,,,
CAMS,WSL2,WSL,WSL SLOT,N,4.3,040300,02/Dec/1998,,CAM_,,,,,,,,CAM_YSVC_W,N,U,,,,,,,,,
CAMS,WSL3,WSL,Assessment Slot,N,7.1.1,070101,26/Mar/2004,,CAM_,,,,,,,,,N,U,,,,,,,,,
CAMS,WSL4,WSL,Assessment Slot,N,7.1.1,070101,26/Mar/2004,,CAM_,,,,,,,,,N,U,,,,,,,,,
CAMS,WSL5,WSL,Assessment Slot,N,8.3.1,080301,18/Mar/2010,,CAM_,,,,,,,,CAM_WSL,N,U,CAM08,,,,,,,,
CAMS,WSM,WSM,Slot modules,Y,9.5.0,090500,29/Aug/2017,,CAM_,Y,,N,,   679,,,CAM_YSVC_W,N,C,CAM08,,,CAM_WSM,,,,,The Assessment Slot Modules display the modules that are scheduled into each slot
CAMS,WSM1,WSM,WSM Module,N,4.3,040300,02/Dec/1998,,CAM_,,,,,,,,CAM_YSVC_W,N,U,,,,,,,,,
CAMS,WSM2,WSM,Slot modules,N,6.1,060100,24/Sep/2001,,CAM_,,,,,,,,,N,U,,,,,,,,,
CAMS,WSM3,WSM,Slot modules,N,7.1.1,070101,26/Mar/2004,,CAM_,,,,,,,,,N,U,,,,,,,,,
CAMS,WSM4,WSM,Slot modules,N,7.1.1,070101,26/Mar/2004,,CAM_,,,,,,,,,N,U,,,,,,,,,
CAMS,WSM5,WSM,Slot modules,N,7.1.1,070101,26/Mar/2004,,CAM_,,,,,,,,,N,U,,,,,,,,,
CAMS,WSP,WSP,Assessment Scheduling Profile,Y,10.6,100600,21/Sep/2022,5,CAM_,N,,N,    42,   967,,,CAM_WSP,N,C,CAM08,,,CAM_WSP,,,,,The Assessment Scheduling Profile is the main default profile screen used for each exam schedule.
CAMS,WSP1,WSP,Assessment Sch Profile,N,7.1.1,070101,26/Mar/2004,,CAM_,,,,,,,,,N,U,,,,,,,,,
CAMS,WSS,WSS,Slot Student,Y,9.5.0,090500,28/Jun/2017,,CAM_,Y,,N,,  1009,,,CAM_YSVC_W,N,P,CAM08,SPR,<<WSS_SPRC>>,CAM_WSS,SlotStudents,SlotStudent,,,The Assessment Slot Students screen displays a list of students that occupy the slots for a particular Scheduling Profile.
CAMS,WSS1,WSS,Slot Student,N,4.3,040300,02/Dec/1998,,CAM_,,,,,,,,CAM_YSVC_W,N,U,,,,,,,,,
CAMS,WSS2,WSS,Slot Student,N,6.1.2,060102,16/Apr/2002,,CAM_,,,,,,,,,N,U,,,,,,,,,
CAMS,WSS3,WSS,Slot Student,N,6.1.2,060102,16/Apr/2002,,CAM_,,,,,,,,,N,U,,,,,,,,,
CAMS,WSS4,WSS,Slot Student,N,7.1.1,070101,26/Mar/2004,,CAM_,,,,,,,,,N,U,,,,,,,,,
CAMS,XCE,XCE,Cross Credit Rule Element,Y,8.5.1,080501,10/Feb/2012,,CAM_,Y,,N,,   744,,,CAM_XCE,N,,CAM01,NOTMST,,CAM_XCE,,,,,Cross Credit Rule Elements are associated with a Cross Credit Rule (XCR) and hold information that specifies how the various course-length combinations should be dealt with by the Cross Crediting screen on e:Vision. This includes how many credits can be cross-credited and also which levels.
CAMS,XCR,XCR,Cross Credit Rule,Y,10.6,100600,21/Sep/2022,,CAM_,Y,,N,,   598,,,CAM_XCR,N,V,CAM01,NOTMST,,CAM_XCR,,,,,"Associated with a Programme (XCR), the Cross Credit Rule table is the header record used to group all rules that apply to that programme together. These rules are used by the Cross-crediting screen on e:Vision to determine which, and how many credits can be cross-credited."
CAMS,YAC,YAC,York Assessment Compensation,Y,8.3.0,080300,07/Oct/2009,,CAM_,Y,,N,,  2811,,,CAM_YAC,N,C,CAM04,,,CAM_YAC,,,,,The York Assessment Compensation (YAC) entity is used to hold parameter values for use by the University of York in their bespoke Assessment Compensation processing.
CAMS,YPD,YPD,Year-Period Week Start date,Y,10.1,100100,25/Sep/2020,,CAM_,Y,,N,,    45,,,CAM_YSVC_Y,N,C,CAM01,,,CAM_YPD,,,,,Weekly Start Dates is used to automatically assign calendar dates to the weeks which make up a period.  When the periods are defined for a particular academic year CAMS can generate week records for the number of weeks specified for a period.  For this table to work correctly the AYR/AYW needs to have been defined and made available or unavailable.  You need only enter the Year Week the period week number is already there and the data is generated automatically.
CAMS,YPD1,YPD,Year period Weekly Start Dates,N,3.7,030700,18/Jan/1996,,CAM_,,,,,,,,CAM_YSVC_Y,N,U,,,,,,,,,
CAMS,YPD2,YPD,Year Period Weekly Start Date,N,5.2,050200,16/Jul/2000,,CAM_,,,,,,,,CAM_YSVC_Y,N,U,,,,,,,,,
CAMS,YPD3,YPD,Year Period Weekly Start Date,N,5.2,050200,16/Jul/2000,,CAM_,,,,,,,,CAM_YSVC_Y,N,U,,,,,,,,,
CAMS,YPS,YPS,Year Period Slot,Y,9.7.0,090700,13/Jul/2018,,INS_,Y,,N,,   527,,,CAM_YSVC_Y,N,C,SRS01,,,SRS_YPS,,,,,"The Period records define terms/semesters which make up a specific academic year, including the start and end dates and the number of staff hours on which staff related analyses are calculated. CAMS will then generate blank week records for the number of weeks specified for a period to which the calendar dates are then assigned in the Weekly Dates table."
CAMS,YPS1,YPS,Year/Period Table,N,3.7,030700,18/Jan/1996,,INS_,,,,,,,,CAM_YSVC_Y,N,U,,,,,,,,,
CAMS,YPS2,YPS,Year Period Slot Table,N,8.7.1,080701,21/Mar/2014,,INS_,,,,,,,,,,,,,,,,,,,
CAMS,YRO,YRO,York Reassess Opportunities,Y,8.3.0,080300,27/Oct/2009,,CAM_,Y,S,N,,  2565,,,CAM_YRO,N,C,CAM04,,,CAM_YRO,,,,,The York Reassessment Opportunities (YRO) entity is used to hold parameter values for use by the University of York in their bespoke Reassessment Opportunities processing.
